seller_id,seller_name,seller_city,seller_join_date,is_official_store,seller_rating,category_focus,avg_response_time_hours,seller_status
adhiarja-store-6855,Adhiarja Store,Medan,2019-10-06,0,4.1,grocery,15.3,active
adika-8914,Adika,Tangerang,2023-02-16,1,4.17,grocery,8.2,active
adinata-3700,Adinata,Yogyakarta,2019-01-04,0,5.0,elektronik,1.6,active
adinata-7206,Adinata,Medan,2020-02-03,0,4.76,grocery,1.1,active
adinata-official-5770,Adinata Official,Yogyakarta,2023-04-08,0,4.25,lainnya,8.7,active
aditya-shop-9564,Aditya Shop,Surabaya,2023-02-12,0,4.3,fashion,2.1,active
aisyah-shop-5165,Aisyah Shop,Denpasar,2024-06-18,0,4.48,fashion,7.7,suspended
ajiman-official-6443,Ajiman Official,Yogyakarta,2020-02-28,0,5.0,elektronik,1.0,active
ajimat-id-8346,Ajimat .id,Jakarta,2020-03-28,1,4.14,fashion,3.3,inactive
ajiono-grosir-4901,Ajiono Grosir,Medan,2021-05-14,0,4.65,lainnya,8.5,active
ajiono-mart-7300,Ajiono Mart,Tangerang,2024-10-12,1,4.6,kesehatan,5.0,active
ajiono-mart-8855,Ajiono Mart,Tangerang,2021-05-15,0,4.09,elektronik,215.9,active
akarsana-official-9535,Akarsana Official,Bandung,2024-04-02,0,4.51,lainnya,5.7,active
akarsana-shop-7345,Akarsana Shop,Surabaya,2019-02-05,0,4.2,lainnya,2.6,active
aksara-4629,Aksara,Jakarta,2024-01-11,0,4.82,elektronik,5.0,suspended
aksara-apparel-shop-4515,Aksara Apparel Shop,Jakarta,2023-05-02,0,4.97,fashion,2.3,inactive
aksara-farma-grosir-3601,Aksara Farma Grosir,Jakarta,2021-03-10,1,4.07,kesehatan,5.8,active
aksara-farma-store-9329,Aksara Farma Store,Bandung,2020-03-08,0,4.47,kesehatan,10.4,active
aksara-fashion-shop-5391,Aksara Fashion Shop,Surabaya,2019-05-28,0,4.06,fashion,1.5,active
aksara-fashion-shop-7778,Aksara Fashion Shop,Semarang,2022-12-11,0,4.44,fashion,5.3,active
aksara-furnitur-boutique-2716,Aksara Furnitur Boutique,Yogyakarta,2023-04-24,0,4.23,perabotan,7.8,active
aksara-living-store-8754,Aksara Living Store,Jakarta,2023-06-14,0,4.06,perabotan,1.8,active
aksara-official-7222,Aksara Official,Jakarta,2019-05-07,0,4.33,elektronik,5.9,active
aksara-shop-8470,Aksara Shop,Jakarta,2020-01-11,0,4.37,lainnya,7.0,active
aksara-shop-8905,Aksara Shop,Medan,2021-06-25,0,4.56,olahraga,6.8,active
aksara-store-7846,Aksara Store,Medan,2020-11-26,0,4.35,grocery,10.7,active
aksara-store-official-9583,Aksara Store Official,Surabaya,2024-10-18,0,5.0,lainnya,5.5,active
aksara-tech-store-5421,Aksara Tech Store,Surabaya,2022-11-15,0,4.3,elektronik,5.7,active
alambana-house-6246,Alambana House,Medan,2024-04-09,0,4.25,elektronik,1.0,inactive
alunan-apparel-official-9283,Alunan Apparel Official,Jakarta,2024-01-17,0,4.18,fashion,6.3,active
alunan-fashion-house-4955,Alunan Fashion House,Jakarta,2019-04-18,0,4.12,lainnya,3.8,active
alunan-fashion-house-6897,Alunan Fashion House,Jakarta,2023-06-24,0,4.67,fashion,1.2,active
alunan-fashion-id-5329,Alunan Fashion .id,Medan,2020-06-11,0,4.45,fashion,3.8,active
alunan-furnitur-grosir-8075,Alunan Furnitur Grosir,Yogyakarta,2020-11-09,0,4.64,perabotan,6.4,active
alunan-furnitur-grosir-9078,Alunan Furnitur Grosir,Surabaya,2024-03-23,0,4.4,olahraga,7.5,active
alunan-furnitur-house-1657,Alunan Furnitur House,Jakarta,2023-01-28,0,4.54,perabotan,2.2,active
alunan-gadget-official-3287,Alunan Gadget Official,Surabaya,2019-08-11,1,4.63,elektronik,4.6,active
alunan-gadget-official-4796,Alunan Gadget Official,Semarang,2019-03-23,0,4.58,elektronik,3.7,active
alunan-gadget-shop-9476,Alunan Gadget Shop,Jakarta,2022-12-24,0,4.44,elektronik,6.6,active
alunan-gallery-1139,Alunan Gallery,Tangerang,2022-09-20,0,4.49,fashion,5.7,active
alunan-house-7827,Alunan House,Jakarta,2023-06-13,0,4.48,fashion,5.8,active
alunan-id-7988,Alunan .id,Bandung,2024-11-17,0,4.32,lainnya,13.5,active
alunan-mart-7961,Alunan Mart,Denpasar,2019-01-31,0,1.1,perabotan,3.8,active
alunan-mart-9861,Alunan Mart,Semarang,2024-03-05,0,4.32,grocery,3.1,active
alunan-official-9440,Alunan Official,Tangerang,2022-11-13,0,4.35,fashion,4.2,active
alunan-shop-6493,Alunan Shop,Surabaya,2023-01-13,0,3.97,lainnya,2.4,suspended
alunan-shop-official-2965,Alunan Shop Official,Bandung,2019-01-09,0,4.04,lainnya,3.0,active
alunan-shop-store-1698,Alunan Shop Store,Medan,2021-07-01,1,4.7,lainnya,3.5,active
alunan-sport-3670,Alunan Sport,Bandung,2023-12-01,0,4.49,olahraga,10.6,active
alunan-store-6950,Alunan Store,Bandung,2024-09-12,0,4.59,elektronik,4.2,active
alunan-tech-2065,Alunan Tech,Jakarta,2019-12-29,0,4.77,elektronik,5.6,active
alunan-wellness-gallery-7383,Alunan Wellness Gallery,Jakarta,2020-05-17,0,4.0,kesehatan,1.7,active
amalia-store-8050,Amalia Store,Bandung,2020-01-14,0,4.28,grocery,8.4,active
ana-official-6099,Ana Official,Bandung,2024-03-10,0,3.89,lainnya,12.9,active
anara-6594,Anara,Medan,2022-04-05,0,4.43,elektronik,0.7,active
anara-apparel-mart-4718,Anara Apparel Mart,Bandung,2024-02-26,0,3.98,fashion,4.0,active
anara-boutique-4336,Anara Boutique,Denpasar,2022-07-09,0,4.7,fashion,5.1,active
anara-elektronik-store-9573,Anara Elektronik Store,Bandung,2024-01-16,0,4.53,elektronik,5.3,inactive
anara-gadget-official-5300,Anara Gadget Official,Jakarta,2020-02-23,0,4.91,elektronik,4.3,active
anara-grosir-id-2963,Anara Grosir .id,Jakarta,2022-05-06,0,4.54,grocery,3.6,active
anara-home-id-9550,Anara Home .id,Jakarta,2020-12-10,0,4.43,perabotan,1.8,active
anara-id-5950,Anara .id,Bandung,2024-01-24,0,4.43,grocery,1.1,active
anara-official-4507,Anara Official,Tangerang,2023-04-11,0,4.45,elektronik,0.8,active
anara-official-4883,Anara Official,Jakarta,2024-06-05,0,5.0,elektronik,8.0,active
anara-official-8731,Anara Official,Jakarta,2023-11-28,0,4.82,fashion,6.7,active
anara-official-9525,Anara Official,Jakarta,2024-11-28,0,3.88,elektronik,17.6,active
anara-outfit-7660,Anara Outfit,Yogyakarta,2019-09-02,0,4.08,fashion,4.5,active
anara-outfit-boutique-3900,Anara Outfit Boutique,Jakarta,2019-06-05,0,3.98,fashion,2.3,active
anara-shop-6952,Anara Shop,Tangerang,2019-05-07,0,4.91,lainnya,3.3,active
anara-shop-9632,Anara Shop,Bandung,2021-02-15,0,4.6,olahraga,8.0,active
anara-store-5027,Anara Store,Tangerang,2022-06-13,0,3.68,perabotan,7.7,active
anara-store-6933,Anara Store,Medan,2020-10-06,0,4.81,fashion,10.6,active
anara-tech-store-2074,Anara Tech Store,Tangerang,2021-07-04,0,4.71,elektronik,5.2,active
anastasia-shop-8184,Anastasia Shop,Tangerang,2022-03-20,0,4.77,fashion,8.2,active
anastasia-shop-9363,Anastasia Shop,Bandung,2022-10-28,0,4.38,grocery,9.9,active
anggun-3381,Anggun,Surabaya,2019-11-18,1,4.82,lainnya,9.6,active
anggun-apparel-store-6554,Anggun Apparel Store,Yogyakarta,2021-12-09,0,4.15,fashion,2.0,active
anggun-elektronik-7671,Anggun Elektronik,Denpasar,2022-06-16,0,4.78,elektronik,3.9,active
anggun-gallery-2508,Anggun Gallery,Jakarta,2023-05-07,1,4.47,grocery,0.4,active
anggun-home-mart-1060,Anggun Home Mart,Bandung,2024-02-18,0,3.78,perabotan,6.1,active
anggun-home-shop-5517,Anggun Home Shop,Jakarta,2019-10-03,0,4.19,perabotan,3.2,inactive
anggun-home-store-9681,Anggun Home Store,Medan,2020-09-24,0,4.36,perabotan,6.6,active
anggun-id-8884,Anggun .id,Medan,2023-08-31,0,3.98,grocery,7.4,active
anggun-living-boutique-9323,Anggun Living Boutique,Yogyakarta,2024-03-24,1,4.58,perabotan,0.7,active
anggun-mart-boutique-2101,Anggun Mart Boutique,Tangerang,2022-01-09,0,4.01,grocery,0.6,active
anggun-official-4149,Anggun Official,Tangerang,2022-02-11,0,4.45,perabotan,5.1,active
anggun-pangan-7671,Anggun Pangan,Jakarta,2021-10-09,0,4.05,grocery,2.7,active
anggun-shop-5914,Anggun Shop,Jakarta,2020-04-13,0,4.55,grocery,1.7,active
anggun-shop-gallery-1539,Anggun Shop Gallery,Jakarta,2023-09-07,0,4.33,lainnya,154.5,active
anggun-shop-grosir-7673,Anggun Shop Grosir,Jakarta,2021-12-25,0,3.89,lainnya,1.6,active
anggun-shop-store-5113,Anggun Shop Store,Bandung,2020-02-26,0,4.39,lainnya,8.6,active
anggun-sport-mart-8147,Anggun Sport Mart,Jakarta,2019-03-09,0,4.12,olahraga,3.7,active
anggun-store-5005,Anggun Store,Denpasar,2019-12-03,0,4.62,lainnya,2.3,active
anggun-store-5040,Anggun Store,Jakarta,2020-06-13,0,4.27,lainnya,144.2,active
anggun-tech-6027,Anggun Tech,Jakarta,2019-05-17,1,4.63,elektronik,0.6,active
anggun-tech-official-2059,Anggun Tech Official,Surabaya,2023-06-14,0,4.38,elektronik,11.0,active
anita-shop-5333,Anita Shop,Jakarta,2022-08-17,0,4.25,elektronik,5.7,active
argono-grosir-6420,Argono Grosir,Yogyakarta,2021-01-17,0,4.39,fashion,4.1,active
aroma-9232,Aroma,Jakarta,2022-12-25,0,4.79,kesehatan,9.0,active
aroma-apparel-3249,Aroma Apparel,Jakarta,2020-05-08,0,4.15,fashion,6.7,active
aroma-apparel-id-2786,Aroma Apparel .id,Yogyakarta,2024-12-10,0,4.73,fashion,3.9,active
aroma-gallery-6261,Aroma Gallery,Yogyakarta,2021-08-13,0,3.94,kesehatan,1.5,active
aroma-grosir-1813,Aroma Grosir,Jakarta,2022-06-24,0,4.96,grocery,1.9,active
aroma-grosir-shop-7649,Aroma Grosir Shop,Medan,2024-06-18,0,3.94,grocery,2.1,suspended
aroma-health-official-5964,Aroma Health Official,Semarang,2020-02-09,0,4.41,kesehatan,14.6,active
aroma-health-official-7961,Aroma Health Official,Jakarta,2023-11-02,0,4.76,kesehatan,10.2,active
aroma-home-official-4098,Aroma Home Official,Surabaya,2024-07-14,0,4.52,perabotan,2.2,active
aroma-home-shop-9669,Aroma Home Shop,Jakarta,2022-04-25,0,4.76,perabotan,0.5,active
aroma-house-6490,Aroma House,Surabaya,2022-03-08,0,4.64,elektronik,4.0,active
aroma-house-7636,Aroma House,Surabaya,2022-02-21,0,4.84,elektronik,5.9,active
aroma-id-3536,Aroma .id,Yogyakarta,2021-10-15,0,4.02,fashion,4.7,active
aroma-id-9106,Aroma .id,Tangerang,2023-06-21,0,4.16,perabotan,4.2,active
aroma-mart-7324,Aroma Mart,Bandung,2022-02-20,0,4.46,lainnya,122.6,active
aroma-mart-id-2460,Aroma Mart .id,Surabaya,2022-10-13,1,4.22,grocery,2.0,active
aroma-official-3690,Aroma Official,Bandung,2019-05-21,0,3.35,kesehatan,2.9,active
aroma-official-5271,Aroma Official,Semarang,2021-09-27,0,4.64,fashion,5.8,active
aroma-pangan-store-6790,Aroma Pangan Store,Surabaya,2024-06-13,0,4.74,grocery,5.5,active
aroma-shop-boutique-3001,Aroma Shop Boutique,Tangerang,2022-04-18,0,4.56,lainnya,13.0,active
aroma-store-1385,Aroma Store,Bandung,2020-10-21,0,4.19,olahraga,3.8,inactive
aroma-store-5036,Aroma Store,Jakarta,2023-01-17,1,4.24,elektronik,5.0,active
aroma-store-6204,Aroma Store,Medan,2024-02-16,0,4.95,lainnya,9.5,active
artanto-id-6646,Artanto .id,Bandung,2023-05-03,0,1.21,perabotan,3.4,active
artawan-boutique-7944,Artawan Boutique,Surabaya,2024-10-19,0,4.28,fashion,1.2,active
asirwada-store-5529,Asirwada Store,Surabaya,2021-06-08,0,4.36,lainnya,10.2,active
asmadi-boutique-6421,Asmadi Boutique,Jakarta,2021-08-12,0,4.87,fashion,2.3,active
atma-house-2647,Atma House,Denpasar,2023-04-21,0,4.58,fashion,0.7,inactive
atmaja-house-7651,Atmaja House,Denpasar,2022-08-23,0,4.25,kesehatan,7.8,active
ayu-id-1587,Ayu .id,Bandung,2024-11-27,1,3.68,fashion,10.2,active
ayu-store-8886,Ayu Store,Jakarta,2022-02-12,0,4.74,fashion,5.7,active
bagas-official-7382,Bagas Official,Jakarta,2022-09-20,0,5.0,elektronik,3.3,active
bagas-shop-5874,Bagas Shop,Bandung,2024-05-04,0,4.0,kesehatan,3.6,active
bagiya-mart-5427,Bagiya Mart,Tangerang,2023-10-09,0,4.06,elektronik,7.7,active
bagus-shop-5004,Bagus Shop,Jakarta,2024-02-08,0,4.58,fashion,2.7,active
bahuraksa-official-6774,Bahuraksa Official,Semarang,2023-07-02,0,4.46,olahraga,1.5,active
bahuwarna-mart-4562,Bahuwarna Mart,Surabaya,2020-11-21,0,4.24,lainnya,2.4,active
bajragin-shop-7885,Bajragin Shop,Jakarta,2024-09-17,1,4.68,fashion,2.2,active
bajragin-store-2542,Bajragin Store,Jakarta,2022-02-11,0,5.0,olahraga,3.4,active
bakianto-store-4693,Bakianto Store,Surabaya,2020-03-20,1,4.07,fashion,6.9,active
bakidin-grosir-3116,Bakidin Grosir,Jakarta,2019-01-06,0,4.42,fashion,1.0,active
bakidin-shop-4198,Bakidin Shop,Jakarta,2020-10-17,0,3.82,elektronik,2.8,active
bakiman-store-2507,Bakiman Store,Surabaya,2022-01-21,0,5.0,grocery,5.6,active
bakti-official-1218,Bakti Official,Semarang,2023-01-18,0,5.0,elektronik,7.3,active
baktiadi-house-2545,Baktiadi House,Surabaya,2024-03-30,0,4.52,fashion,4.3,active
baktiono-mart-9527,Baktiono Mart,Jakarta,2019-12-26,0,3.6,grocery,5.3,active
baktiono-shop-7258,Baktiono Shop,Yogyakarta,2024-02-28,0,3.95,elektronik,2.2,active
balangga-boutique-4098,Balangga Boutique,Tangerang,2019-12-08,0,4.48,elektronik,4.9,active
balangga-boutique-4764,Balangga Boutique,Tangerang,2021-06-21,0,3.97,fashion,4.2,active
balangga-mart-8571,Balangga Mart,Medan,2024-05-30,0,4.45,perabotan,4.2,suspended
balapati-shop-5361,Balapati Shop,Medan,2023-10-14,1,4.99,fashion,3.2,active
balijan-grosir-4178,Balijan Grosir,Surabaya,2023-07-19,0,4.02,elektronik,4.5,active
balijan-grosir-7380,Balijan Grosir,Tangerang,2019-04-15,0,4.36,elektronik,8.9,active
bambang-official-6030,Bambang Official,Jakarta,2024-04-09,0,4.36,fashion,10.4,active
banara-store-2989,Banara Store,Jakarta,2020-07-27,1,4.67,kesehatan,1.1,active
banawa-official-2158,Banawa Official,Surabaya,2020-08-14,0,4.27,fashion,5.2,active
banawa-official-3895,Banawa Official,Jakarta,2019-12-30,1,4.62,grocery,5.4,active
banawi-official-6946,Banawi Official,Medan,2019-10-25,0,3.95,elektronik,4.8,active
bancar-house-2107,Bancar House,Jakarta,2023-01-31,0,4.74,lainnya,5.4,active
bancar-store-2620,Bancar Store,Denpasar,2023-11-12,0,4.96,grocery,0.4,active
batari-apparel-shop-2237,Batari Apparel Shop,Denpasar,2024-12-30,0,4.56,fashion,11.9,active
batari-apparel-store-6505,Batari Apparel Store,Bandung,2023-04-12,0,3.88,fashion,14.3,active
batari-boutique-3899,Batari Boutique,Surabaya,2019-03-14,0,4.33,grocery,1.5,active
batari-fashion-store-1831,Batari Fashion Store,Jakarta,2020-08-04,0,3.9,fashion,2.0,active
batari-fashion-store-4343,Batari Fashion Store,Tangerang,2024-04-14,0,4.11,fashion,2.7,active
batari-gallery-1716,Batari Gallery,Surabaya,2021-03-25,0,3.64,fashion,8.0,active
batari-grosir-2414,Batari Grosir,Semarang,2019-08-31,0,4.68,perabotan,6.8,active
batari-grosir-house-3036,Batari Grosir House,Semarang,2024-05-10,0,4.41,grocery,2.5,active
batari-official-3972,Batari Official,Jakarta,2023-11-24,0,3.88,fashion,3.6,active
batari-official-4220,Batari Official,Bandung,2022-11-23,0,4.54,kesehatan,0.8,active
batari-official-6855,Batari Official,Semarang,2022-12-08,0,4.55,fashion,1.9,active
batari-official-6899,Batari Official,Tangerang,2022-12-03,1,4.22,fashion,3.9,active
batari-outfit-id-4835,Batari Outfit .id,Yogyakarta,2019-04-25,0,4.35,fashion,5.0,active
batari-pangan-store-2578,Batari Pangan Store,Surabaya,2024-10-29,1,4.54,grocery,3.2,active
batari-shop-2014,Batari Shop,Medan,2024-05-22,0,4.38,elektronik,1.6,active
batari-shop-3437,Batari Shop,Medan,2019-02-16,0,4.61,grocery,0.6,active
batari-shop-3868,Batari Shop,Surabaya,2023-04-05,0,4.12,perabotan,7.1,active
batari-shop-4847,Batari Shop,Bandung,2019-11-24,0,4.59,fashion,2.1,active
batari-shop-5029,Batari Shop,Tangerang,2022-04-12,0,4.03,olahraga,4.1,active
batari-sport-store-1966,Batari Sport Store,Jakarta,2024-02-25,0,3.79,olahraga,1.6,active
batari-store-3703,Batari Store,Jakarta,2023-08-06,0,2.22,elektronik,4.8,active
batari-wear-boutique-1963,Batari Wear Boutique,Tangerang,2019-11-10,0,4.23,fashion,4.3,active
bella-id-7825,Bella .id,Semarang,2024-03-23,1,4.5,grocery,6.9,active
betania-official-6669,Betania Official,Surabaya,2024-01-19,0,4.64,perabotan,8.5,active
betania-shop-6021,Betania Shop,Jakarta,2023-06-30,0,4.47,elektronik,4.0,active
bianca-apparel-id-2473,Bianca Apparel .id,Yogyakarta,2022-10-31,0,4.13,fashion,1.9,active
bianca-apparel-store-5695,Bianca Apparel Store,Semarang,2019-01-28,0,4.11,fashion,7.7,inactive
bianca-elektronik-house-7451,Bianca Elektronik House,Surabaya,2023-03-01,0,4.1,elektronik,1.6,active
bianca-fashion-store-3561,Bianca Fashion Store,Yogyakarta,2022-06-03,0,5.0,fashion,16.8,active
bianca-fitness-house-4931,Bianca Fitness House,Denpasar,2022-01-13,0,4.24,olahraga,1.1,active
bianca-gallery-8322,Bianca Gallery,Jakarta,2021-05-20,0,4.94,grocery,7.9,active
bianca-id-5590,Bianca .id,Jakarta,2019-03-21,0,4.48,grocery,4.5,active
bianca-mart-4477,Bianca Mart,Medan,2024-04-17,1,4.14,perabotan,4.2,active
bianca-mart-official-3174,Bianca Mart Official,Tangerang,2021-06-15,0,4.94,grocery,3.9,active
bianca-official-4327,Bianca Official,Jakarta,2021-01-20,0,4.69,perabotan,5.6,active
bianca-outfit-store-1103,Bianca Outfit Store,Jakarta,2020-04-24,0,4.05,fashion,1.8,active
bianca-pangan-shop-1356,Bianca Pangan Shop,Yogyakarta,2019-08-27,0,3.99,grocery,6.2,active
bianca-shop-2253,Bianca Shop,Bandung,2021-07-02,0,3.96,lainnya,3.5,active
bianca-shop-4217,Bianca Shop,Jakarta,2022-10-27,0,4.01,fashion,2.6,inactive
bianca-shop-8547,Bianca Shop,Medan,2019-04-19,0,4.28,grocery,5.4,active
bianca-store-7500,Bianca Store,Surabaya,2024-05-01,0,4.56,olahraga,9.2,active
bianca-store-official-4422,Bianca Store Official,Surabaya,2019-05-18,0,4.51,lainnya,1.5,active
bijak-8554,Bijak,Yogyakarta,2023-03-25,0,4.24,fashion,6.5,active
bijak-furnitur-store-7361,Bijak Furnitur Store,Jakarta,2021-12-26,0,4.54,perabotan,7.9,active
bijak-gallery-8172,Bijak Gallery,Surabaya,2024-12-02,0,4.64,kesehatan,11.3,active
bijak-grosir-official-8427,Bijak Grosir Official,Semarang,2024-09-11,0,4.16,grocery,2.0,active
bijak-mart-5055,Bijak Mart,Tangerang,2020-06-20,0,4.62,grocery,3.6,active
bijak-mart-9862,Bijak Mart,Bandung,2024-07-24,1,4.43,fashion,6.0,active
bijak-pangan-boutique-2483,Bijak Pangan Boutique,Yogyakarta,2021-04-02,1,4.56,grocery,1.6,active
bijak-pangan-grosir-9296,Bijak Pangan Grosir,Bandung,2021-10-11,0,4.0,grocery,1.2,active
bijak-pangan-shop-5941,Bijak Pangan Shop,Bandung,2022-05-16,0,3.94,grocery,11.2,active
bijak-sport-id-8793,Bijak Sport .id,Bandung,2024-10-31,0,4.09,olahraga,7.4,active
bijak-store-2062,Bijak Store,Jakarta,2020-12-22,0,4.1,fashion,3.0,active
bijak-store-2392,Bijak Store,Denpasar,2020-08-18,0,3.65,olahraga,2.1,active
bijak-store-2970,Bijak Store,Surabaya,2019-09-30,0,4.14,fashion,1.4,active
bijak-store-4205,Bijak Store,Surabaya,2024-03-30,0,4.51,fashion,4.6,active
bijak-store-7022,Bijak Store,Bandung,2023-11-15,0,1.15,elektronik,13.3,active
bijak-store-shop-1384,Bijak Store Shop,Jakarta,2020-01-18,0,4.43,lainnya,2.6,active
budi-mart-5225,Budi Mart,Bandung,2023-10-22,0,4.51,elektronik,10.4,active
bumi-6212,Bumi,Bandung,2021-04-22,0,3.95,elektronik,9.2,active
bumi-boutique-3152,Bumi Boutique,Semarang,2023-07-19,0,4.13,fashion,6.5,active
bumi-furnitur-id-5816,Bumi Furnitur .id,Jakarta,2019-05-24,0,4.38,perabotan,8.9,active
bumi-grosir-official-5911,Bumi Grosir Official,Jakarta,2019-01-11,0,4.31,grocery,2.5,active
bumi-mart-6903,Bumi Mart,Denpasar,2023-09-09,0,4.41,fashion,2.8,active
bumi-official-6373,Bumi Official,Tangerang,2024-12-09,0,4.89,elektronik,1.3,active
bumi-official-7114,Bumi Official,Jakarta,2022-03-01,0,4.93,kesehatan,1.5,active
bumi-official-8268,Bumi Official,Jakarta,2024-05-18,0,4.44,elektronik,1.6,active
bumi-official-9220,Bumi Official,Denpasar,2023-01-12,0,4.51,grocery,4.4,active
bumi-shop-9915,Bumi Shop,Tangerang,2024-01-06,0,4.42,grocery,0.8,active
bumi-sport-store-1260,Bumi Sport Store,Jakarta,2023-11-05,0,4.6,olahraga,11.7,inactive
bumi-store-5525,Bumi Store,Jakarta,2020-10-31,0,4.51,fashion,81.2,active
bumi-store-5848,Bumi Store,Surabaya,2019-05-29,0,4.38,kesehatan,4.8,active
bumi-store-5898,Bumi Store,Jakarta,2019-01-23,0,4.58,elektronik,6.3,active
cagak-official-6558,Cagak Official,Jakarta,2019-09-28,0,4.54,fashion,6.4,active
cahya-official-2778,Cahya Official,Semarang,2024-04-08,0,4.42,fashion,7.1,active
cahyadi-id-5302,Cahyadi .id,Jakarta,2019-07-05,0,4.39,kesehatan,10.1,active
cahyadi-store-6975,Cahyadi Store,Jakarta,2020-08-09,0,4.99,perabotan,4.3,active
cahyadi-store-9926,Cahyadi Store,Surabaya,2019-04-29,0,4.43,fashion,1.5,suspended
cakrabuana-official-5658,Cakrabuana Official,Jakarta,2023-04-17,1,4.56,fashion,9.6,active
cakrawala-mart-2231,Cakrawala Mart,Jakarta,2020-05-09,0,4.06,kesehatan,5.9,active
calista-id-9347,Calista .id,Jakarta,2022-05-26,0,4.07,kesehatan,5.7,active
candra-id-5877,Candra .id,Jakarta,2020-03-06,0,4.16,lainnya,11.3,active
candra-store-7033,Candra Store,Jakarta,2023-12-28,0,4.1,fashion,0.3,active
carla-gallery-5509,Carla Gallery,Jakarta,2019-12-16,0,4.62,lainnya,3.8,active
carla-shop-1324,Carla Shop,Semarang,2024-04-13,0,4.54,kesehatan,10.3,active
carub-shop-6571,Carub Shop,Surabaya,2019-08-11,0,4.61,lainnya,2.4,active
cawisadi-official-7124,Cawisadi Official,Bandung,2021-08-04,1,4.03,elektronik,5.6,active
cawuk-official-6991,Cawuk Official,Bandung,2024-07-25,0,5.0,grocery,5.7,active
cayadi-gallery-3844,Cayadi Gallery,Surabaya,2020-05-14,0,4.58,olahraga,4.3,active
cecep-shop-9724,Cecep Shop,Jakarta,2022-08-19,0,4.38,fashion,2.5,active
cemeti-shop-4978,Cemeti Shop,Jakarta,2020-03-02,0,4.03,perabotan,0.9,active
cemplunk-id-8812,Cemplunk .id,Surabaya,2021-08-15,0,3.45,olahraga,7.2,active
cemplunk-official-8857,Cemplunk Official,Medan,2020-07-27,0,4.99,lainnya,10.8,active
cerita-1258,Cerita,Denpasar,2022-07-29,0,4.23,fashion,2.0,active
cerita-boutique-1349,Cerita Boutique,Bandung,2020-04-18,0,4.25,perabotan,4.0,active
cerita-boutique-5954,Cerita Boutique,Surabaya,2024-08-01,0,3.62,lainnya,198.7,active
cerita-boutique-8609,Cerita Boutique,Jakarta,2020-12-14,0,3.89,lainnya,8.8,active
cerita-boutique-9209,Cerita Boutique,Medan,2019-11-04,0,4.81,fashion,5.8,active
cerita-elektronik-id-7490,Cerita Elektronik .id,Jakarta,2024-01-16,0,4.26,elektronik,1.3,active
cerita-farma-mart-7411,Cerita Farma Mart,Jakarta,2020-04-17,0,4.38,kesehatan,2.5,active
cerita-fashion-store-2771,Cerita Fashion Store,Medan,2022-06-24,0,4.53,fashion,1.8,active
cerita-gadget-shop-8424,Cerita Gadget Shop,Jakarta,2020-02-29,1,4.71,elektronik,3.6,active
cerita-id-1303,Cerita .id,Tangerang,2023-05-15,0,3.99,grocery,1.0,active
cerita-mart-8916,Cerita Mart,Bandung,2024-01-02,0,4.21,grocery,2.8,active
cerita-official-5474,Cerita Official,Bandung,2022-12-20,0,4.33,elektronik,7.8,active
cerita-official-5477,Cerita Official,Bandung,2019-05-29,0,4.98,elektronik,0.7,active
cerita-official-7389,Cerita Official,Jakarta,2020-08-26,0,4.81,fashion,3.8,active
cerita-official-7878,Cerita Official,Medan,2020-06-12,0,3.65,fashion,3.1,active
cerita-official-8667,Cerita Official,Bandung,2022-12-10,0,4.1,elektronik,5.1,active
cerita-official-8725,Cerita Official,Jakarta,2024-05-22,1,4.43,fashion,1.0,inactive
cerita-outfit-mart-4963,Cerita Outfit Mart,Tangerang,2020-10-19,0,4.18,fashion,4.3,active
cerita-sport-house-6578,Cerita Sport House,Medan,2020-08-23,0,3.69,olahraga,4.7,active
cerita-store-4750,Cerita Store,Jakarta,2019-08-08,0,3.9,olahraga,4.0,active
chelsea-official-9561,Chelsea Official,Jakarta,2021-10-26,0,3.9,fashion,4.3,suspended
ciaobella-mart-2561,Ciaobella Mart,Jakarta,2019-07-25,0,4.7,fashion,0.7,active
cinnamon-7134,Cinnamon,Surabaya,2019-12-12,1,1.46,kesehatan,4.1,active
cinnamon-9180,Cinnamon,Bandung,2021-04-01,0,4.28,olahraga,4.8,active
cinnamon-elektronik-mart-9453,Cinnamon Elektronik Mart,Jakarta,2024-07-18,0,4.89,elektronik,2.2,active
cinnamon-fitness-id-4231,Cinnamon Fitness .id,Denpasar,2022-12-10,0,3.64,olahraga,1.1,active
cinnamon-gadget-shop-2995,Cinnamon Gadget Shop,Bandung,2021-09-22,1,4.43,elektronik,2.6,inactive
cinnamon-gadget-store-4735,Cinnamon Gadget Store,Surabaya,2021-08-08,0,4.92,elektronik,10.4,active
cinnamon-grosir-mart-6369,Cinnamon Grosir Mart,Bandung,2019-09-28,0,4.73,grocery,5.5,active
cinnamon-house-7502,Cinnamon House,Jakarta,2024-08-30,0,4.63,olahraga,5.9,active
cinnamon-house-7652,Cinnamon House,Bandung,2021-02-18,0,4.08,olahraga,2.1,active
cinnamon-id-1428,Cinnamon .id,Yogyakarta,2020-06-19,0,4.39,kesehatan,9.9,active
cinnamon-id-6417,Cinnamon .id,Tangerang,2019-01-29,0,3.85,fashion,1.4,suspended
cinnamon-id-8312,Cinnamon .id,Medan,2023-04-10,0,4.52,fashion,1.4,active
cinnamon-official-3817,Cinnamon Official,Jakarta,2024-06-27,0,4.52,fashion,3.9,active
cinnamon-official-4746,Cinnamon Official,Jakarta,2021-10-06,0,5.0,elektronik,2.8,active
cinnamon-official-5577,Cinnamon Official,Bandung,2020-05-22,1,5.0,kesehatan,12.1,active
cinnamon-official-5727,Cinnamon Official,Medan,2022-12-02,0,4.49,grocery,4.2,active
cinnamon-outfit-gallery-5913,Cinnamon Outfit Gallery,Jakarta,2019-10-02,0,4.46,fashion,3.6,active
cinnamon-outfit-gallery-8012,Cinnamon Outfit Gallery,Surabaya,2024-01-26,0,4.87,perabotan,1.7,active
cinnamon-outfit-shop-4530,Cinnamon Outfit Shop,Tangerang,2024-10-06,0,4.36,fashion,3.6,active
cinnamon-outfit-shop-7027,Cinnamon Outfit Shop,Tangerang,2023-08-28,0,4.62,elektronik,0.7,active
cinnamon-store-mart-4474,Cinnamon Store Mart,Tangerang,2020-04-04,1,4.75,lainnya,6.7,active
cinnamon-store-store-7204,Cinnamon Store Store,Medan,2024-09-21,0,4.38,lainnya,0.4,active
dadap-2766,Dadap,Bandung,2022-03-13,0,4.38,kesehatan,7.8,active
dadi-mart-3558,Dadi Mart,Semarang,2021-04-18,0,4.0,perabotan,0.8,active
dadi-store-7120,Dadi Store,Bandung,2021-03-18,0,4.42,kesehatan,8.0,active
dagel-gallery-9130,Dagel Gallery,Tangerang,2019-01-21,0,5.0,elektronik,1.6,active
damar-5101,Damar,Jakarta,2022-06-02,0,4.64,olahraga,5.3,active
damar-elektronik-mart-9229,Damar Elektronik Mart,Jakarta,2020-12-25,0,4.79,elektronik,5.7,suspended
damar-farma-store-1234,Damar Farma Store,Semarang,2024-07-10,0,4.4,kesehatan,9.5,active
damar-gallery-3243,Damar Gallery,Surabaya,2024-10-24,0,4.5,lainnya,6.8,active
damar-gallery-8282,Damar Gallery,Medan,2022-05-23,0,3.6,perabotan,7.7,active
damar-grosir-official-2229,Damar Grosir Official,Semarang,2022-03-22,0,4.34,grocery,0.3,suspended
damar-house-5802,Damar House,Bandung,2019-04-18,0,4.04,elektronik,12.0,active
damar-id-7848,Damar .id,Tangerang,2020-01-09,0,4.91,olahraga,2.2,active
damar-living-shop-4739,Damar Living Shop,Tangerang,2024-01-04,0,4.08,perabotan,6.2,active
damar-mart-5486,Damar Mart,Surabaya,2024-07-27,0,4.78,lainnya,2.8,active
damar-mart-7267,Damar Mart,Bandung,2022-04-11,0,4.18,elektronik,4.6,active
damar-official-2009,Damar Official,Jakarta,2021-10-06,0,4.26,fashion,3.1,active
damar-official-7369,Damar Official,Semarang,2024-04-04,0,4.52,fashion,6.0,active
damar-official-7733,Damar Official,Semarang,2022-12-11,0,4.64,elektronik,0.4,active
damar-shop-3381,Damar Shop,Jakarta,2020-09-24,0,4.51,perabotan,2.4,suspended
damar-store-7749,Damar Store,Semarang,2021-12-11,0,4.77,fashion,0.5,active
damar-store-9397,Damar Store,Tangerang,2023-09-22,0,3.89,fashion,2.9,active
danang-mart-2075,Danang Mart,Tangerang,2019-09-16,1,4.3,elektronik,1.1,active
daniswara-mart-5982,Daniswara Mart,Medan,2022-03-06,0,4.33,grocery,1.7,active
danu-id-1329,Danu .id,Jakarta,2024-11-25,0,4.48,grocery,1.4,active
dariati-id-1134,Dariati .id,Jakarta,2020-01-15,0,4.92,kesehatan,9.2,active
darimin-4067,Darimin,Jakarta,2024-11-17,1,4.66,lainnya,5.8,active
darmaji-gallery-3303,Darmaji Gallery,Medan,2020-11-29,0,4.37,grocery,7.2,active
darman-grosir-4571,Darman Grosir,Yogyakarta,2023-09-21,0,4.21,grocery,2.9,active
darman-official-4182,Darman Official,Yogyakarta,2021-08-18,1,5.0,kesehatan,3.6,active
darmana-shop-2332,Darmana Shop,Surabaya,2024-04-28,0,4.83,grocery,2.4,active
daruna-shop-2788,Daruna Shop,Denpasar,2020-01-01,0,4.27,elektronik,4.9,active
dasa-store-8091,Dasa Store,Tangerang,2023-04-18,0,4.14,lainnya,5.9,active
dewi-shop-4925,Dewi Shop,Jakarta,2019-04-13,0,3.99,kesehatan,6.4,active
diana-id-6845,Diana .id,Jakarta,2019-07-06,0,4.55,elektronik,1.3,suspended
diana-id-7811,Diana .id,Bandung,2020-02-08,0,4.17,olahraga,5.0,suspended
diana-store-5010,Diana Store,Denpasar,2023-07-29,0,3.94,elektronik,2.1,active
digdaya-official-1894,Digdaya Official,Surabaya,2021-10-17,0,5.0,fashion,11.4,active
dimas-official-2935,Dimas Official,Surabaya,2021-04-29,0,3.95,grocery,5.6,active
dimaz-id-3502,Dimaz .id,Bandung,2024-11-30,0,3.99,olahraga,3.3,active
dimaz-store-7847,Dimaz Store,Surabaya,2022-07-11,0,4.15,grocery,2.8,active
dodo-store-1507,Dodo Store,Bandung,2021-06-24,0,4.28,lainnya,4.4,active
dono-store-2341,Dono Store,Tangerang,2021-07-01,0,4.24,grocery,0.3,active
dwi-mart-6311,Dwi Mart,Tangerang,2022-10-22,1,4.73,kesehatan,1.2,active
edi-official-1642,Edi Official,Denpasar,2020-07-18,0,4.42,lainnya,7.9,active
edi-official-1658,Edi Official,Medan,2021-02-18,0,4.09,fashion,6.3,active
edi-shop-5231,Edi Shop,Tangerang,2023-07-13,0,4.52,fashion,5.2,active
edison-store-4148,Edison Store,Bandung,2020-04-03,0,4.4,lainnya,1.3,active
ega-id-9862,Ega .id,Surabaya,2022-05-02,0,4.95,olahraga,10.1,active
eja-shop-7492,Eja Shop,Tangerang,2020-05-15,1,4.46,lainnya,4.3,active
eka-store-1544,Eka Store,Jakarta,2022-03-02,1,4.65,elektronik,2.5,active
ellis-id-1240,Ellis .id,Jakarta,2024-06-13,0,3.77,kesehatan,8.5,active
ellis-store-3019,Ellis Store,Jakarta,2022-03-19,0,4.01,perabotan,10.5,active
elvina-official-6741,Elvina Official,Jakarta,2020-05-24,0,4.15,grocery,9.7,active
emas-shop-7358,Emas Shop,Jakarta,2024-06-22,1,4.31,fashion,3.3,active
embuh-official-9318,Embuh Official,Semarang,2023-06-30,1,3.76,fashion,3.6,active
emil-official-9370,Emil Official,Jakarta,2021-10-16,0,4.29,grocery,2.8,active
emil-store-4975,Emil Store,Surabaya,2022-12-30,0,5.0,lainnya,7.5,active
empluk-official-5932,Empluk Official,Medan,2024-02-07,0,4.66,fashion,8.0,active
endra-shop-4275,Endra Shop,Jakarta,2019-04-29,0,4.73,perabotan,11.9,inactive
enteng-shop-5994,Enteng Shop,Yogyakarta,2020-05-31,0,4.25,elektronik,1.8,active
erigo-apparel-store-3453,Erigo Apparel Store,Bandung,2020-01-05,0,4.53,fashion,6.6,active
erigo-elektronik-official-2521,Erigo Elektronik Official,Bandung,2023-03-08,1,4.03,elektronik,13.8,active
erigo-furnitur-shop-9323,Erigo Furnitur Shop,Medan,2019-01-14,0,4.27,perabotan,4.0,active
erigo-gadget-shop-7207,Erigo Gadget Shop,Denpasar,2020-04-20,0,4.49,elektronik,1.1,active
erigo-grosir-4829,Erigo Grosir,Jakarta,2019-09-22,0,4.66,elektronik,0.7,active
erigo-id-6777,Erigo .id,Denpasar,2020-12-11,0,5.0,fashion,5.5,active
erigo-id-6781,Erigo .id,Jakarta,2019-09-29,0,4.72,elektronik,6.7,active
erigo-official-1428,Erigo Official,Surabaya,2021-12-24,0,3.83,fashion,2.0,active
erigo-official-2139,Erigo Official,Tangerang,2021-12-27,0,4.25,perabotan,2.4,active
erigo-shop-2011,Erigo Shop,Surabaya,2022-10-06,1,4.94,grocery,3.3,active
erigo-shop-8952,Erigo Shop,Jakarta,2023-08-02,0,3.75,perabotan,1.3,active
erigo-shop-official-1553,Erigo Shop Official,Denpasar,2019-09-17,0,4.61,lainnya,9.4,active
erigo-store-2766,Erigo Store,Tangerang,2024-05-11,0,4.63,perabotan,1.7,active
erigo-store-mart-5790,Erigo Store Mart,Jakarta,2022-04-21,0,5.0,lainnya,6.3,active
erik-id-4643,Erik .id,Medan,2022-05-06,0,4.69,elektronik,9.3,active
estiawan-store-3235,Estiawan Store,Jakarta,2020-07-10,0,4.5,kesehatan,0.4,active
estiono-8322,Estiono,Yogyakarta,2022-02-19,0,4.52,kesehatan,2.8,active
estiono-boutique-7024,Estiono Boutique,Bandung,2020-07-13,0,4.35,elektronik,6.6,active
estiono-official-2838,Estiono Official,Yogyakarta,2022-06-03,0,4.19,kesehatan,3.4,active
faizah-house-6722,Faizah House,Jakarta,2022-05-24,0,4.42,olahraga,1.2,active
fathonah-3635,Fathonah,Surabaya,2024-06-21,0,4.21,fashion,9.5,active
fathonah-shop-3262,Fathonah Shop,Surabaya,2024-05-01,0,3.97,fashion,3.9,active
febi-mart-6480,Febi Mart,Bandung,2023-07-31,0,4.33,grocery,3.4,active
febi-mart-7428,Febi Mart,Semarang,2019-03-28,0,4.03,elektronik,4.1,active
febi-official-9246,Febi Official,Semarang,2019-08-27,0,4.42,perabotan,0.3,active
fitria-gallery-9849,Fitria Gallery,Bandung,2024-05-01,0,4.45,fashion,5.2,active
fitria-shop-6314,Fitria Shop,Yogyakarta,2024-04-20,0,4.13,elektronik,10.0,active
gabriella-store-3505,Gabriella Store,Semarang,2023-04-19,0,4.1,elektronik,1.3,active
gada-grosir-9304,Gada Grosir,Jakarta,2019-02-22,0,4.37,elektronik,1.1,active
gada-official-9860,Gada Official,Surabaya,2021-07-20,0,4.61,elektronik,1.7,active
gadang-gallery-2910,Gadang Gallery,Denpasar,2021-04-09,1,4.15,grocery,1.5,active
gading-store-6548,Gading Store,Surabaya,2019-07-11,0,4.09,lainnya,2.4,active
gaiman-gallery-4540,Gaiman Gallery,Jakarta,2024-01-14,0,4.81,fashion,5.2,active
gaiman-official-6434,Gaiman Official,Surabaya,2019-07-27,0,4.77,perabotan,3.8,active
galak-official-9606,Galak Official,Jakarta,2019-10-04,0,4.06,grocery,1.6,active
galih-mart-8494,Galih Mart,Jakarta,2021-10-29,0,3.93,perabotan,3.8,active
galiono-grosir-7375,Galiono Grosir,Bandung,2023-07-10,0,3.78,fashion,6.8,active
galiono-shop-2148,Galiono Shop,Surabaya,2019-02-21,0,4.63,grocery,2.4,active
galuh-shop-1758,Galuh Shop,Bandung,2022-10-14,0,4.34,fashion,6.5,active
galur-store-3743,Galur Store,Jakarta,2024-05-21,0,4.49,lainnya,1.9,active
galur-store-7307,Galur Store,Medan,2021-11-18,0,4.78,grocery,3.2,active
gambira-house-4363,Gambira House,Bandung,2022-07-23,0,4.41,perabotan,1.9,active
gambira-store-3509,Gambira Store,Bandung,2022-11-06,0,3.78,elektronik,1.5,active
gambira-store-4990,Gambira Store,Bandung,2024-12-26,0,4.11,grocery,1.1,active
gamblang-official-8894,Gamblang Official,Jakarta,2020-08-29,1,5.0,fashion,15.9,active
ganda-store-9460,Ganda Store,Bandung,2024-10-10,0,4.18,olahraga,0.1,active
ganep-id-5763,Ganep .id,Surabaya,2022-07-19,0,4.3,fashion,6.5,active
gangsa-official-6769,Gangsa Official,Denpasar,2022-02-19,0,4.65,elektronik,11.4,active
gangsar-mart-4798,Gangsar Mart,Surabaya,2024-11-11,0,3.61,fashion,1.6,active
ganjaran-mart-7660,Ganjaran Mart,Bandung,2024-09-28,0,4.65,lainnya,7.2,active
garan-boutique-8474,Garan Boutique,Jakarta,2019-11-10,0,4.28,grocery,3.2,active
garan-shop-5087,Garan Shop,Bandung,2021-10-27,0,4.34,grocery,1.1,active
gatot-mart-5493,Gatot Mart,Surabaya,2019-05-24,0,4.43,elektronik,1.0,active
gatot-store-5604,Gatot Store,Bandung,2019-01-25,0,4.53,fashion,4.3,active
gawati-grosir-2854,Gawati Grosir,Jakarta,2021-06-08,0,4.39,fashion,5.6,active
gawati-grosir-3539,Gawati Grosir,Yogyakarta,2021-10-21,0,4.73,fashion,9.3,active
genta-house-7057,Genta House,Bandung,2020-11-16,1,4.11,olahraga,2.4,active
ghaliyati-mart-1030,Ghaliyati Mart,Yogyakarta,2021-11-24,1,3.58,perabotan,7.8,active
gilang-official-7831,Gilang Official,Jakarta,2019-11-09,0,4.08,fashion,6.6,active
gilang-shop-8810,Gilang Shop,Semarang,2022-11-10,1,4.14,lainnya,1.3,active
gilda-house-2654,Gilda House,Jakarta,2022-05-04,0,4.85,olahraga,5.7,active
hafshah-store-6445,Hafshah Store,Jakarta,2022-05-08,0,4.35,grocery,3.8,active
halim-store-4578,Halim Store,Denpasar,2020-03-20,0,4.19,lainnya,11.1,active
hamzah-gallery-4141,Hamzah Gallery,Jakarta,2019-07-21,0,4.17,perabotan,4.0,active
hamzah-shop-1078,Hamzah Shop,Jakarta,2020-08-22,0,4.26,fashion,4.8,suspended
hana-boutique-6775,Hana Boutique,Jakarta,2021-02-15,0,4.08,grocery,3.4,suspended
hani-shop-8524,Hani Shop,Medan,2021-06-13,0,3.88,elektronik,3.6,active
hardana-id-4133,Hardana .id,Medan,2022-01-02,1,4.42,grocery,5.7,active
hardana-official-1439,Hardana Official,Jakarta,2019-03-19,0,4.19,elektronik,2.1,active
harimurti-store-7026,Harimurti Store,Jakarta,2019-05-04,0,4.75,grocery,1.6,active
harja-store-1909,Harja Store,Yogyakarta,2024-10-19,0,4.09,kesehatan,3.6,active
harjaya-mart-9545,Harjaya Mart,Tangerang,2024-04-29,0,4.46,fashion,227.8,inactive
harjo-boutique-3606,Harjo Boutique,Semarang,2021-04-16,0,4.58,kesehatan,3.0,suspended
harjo-mart-6890,Harjo Mart,Denpasar,2023-11-20,0,4.12,grocery,6.8,active
harjo-shop-2586,Harjo Shop,Jakarta,2021-05-07,0,4.89,elektronik,3.0,active
harsana-id-8943,Harsana .id,Jakarta,2022-01-13,0,4.12,perabotan,10.8,active
harsana-shop-9271,Harsana Shop,Yogyakarta,2024-11-29,0,4.68,kesehatan,7.3,active
harsana-store-2633,Harsana Store,Medan,2022-03-10,0,1.49,fashion,9.5,active
harsanto-boutique-1900,Harsanto Boutique,Denpasar,2020-02-17,0,4.46,fashion,11.6,active
harsaya-official-1501,Harsaya Official,Jakarta,2024-07-28,0,4.23,olahraga,8.5,active
hartaka-official-1915,Hartaka Official,Jakarta,2022-03-06,0,4.45,perabotan,5.7,active
hasan-mart-4817,Hasan Mart,Yogyakarta,2020-11-23,1,4.39,fashion,1.3,active
hasan-official-3394,Hasan Official,Jakarta,2020-01-16,0,3.05,elektronik,3.1,active
hasim-store-1779,Hasim Store,Semarang,2022-01-25,0,4.44,kesehatan,7.2,active
himawan-official-5179,Himawan Official,Bandung,2021-03-06,0,4.18,fashion,8.5,suspended
himawan-shop-8483,Himawan Shop,Bandung,2023-08-24,0,4.53,fashion,3.7,active
humaira-mart-4347,Humaira Mart,Tangerang,2023-06-01,0,5.0,grocery,2.6,active
ian-mart-7890,Ian Mart,Surabaya,2024-06-24,0,4.36,lainnya,5.0,active
ian-shop-4797,Ian Shop,Semarang,2024-09-22,0,4.51,elektronik,1.2,active
ian-store-7797,Ian Store,Tangerang,2023-08-12,0,4.46,perabotan,5.0,active
ibun-official-9471,Ibun Official,Semarang,2024-03-12,0,4.69,elektronik,5.4,active
icha-boutique-8814,Icha Boutique,Jakarta,2020-12-15,0,4.14,olahraga,11.1,active
ida-official-7581,Ida Official,Tangerang,2023-03-04,0,5.0,fashion,2.5,suspended
ikhsan-official-3412,Ikhsan Official,Tangerang,2024-08-24,0,3.99,fashion,4.0,active
ikhsan-store-1102,Ikhsan Store,Jakarta,2022-03-24,0,4.47,grocery,2.6,active
ikin-grosir-7477,Ikin Grosir,Semarang,2023-03-08,0,4.39,kesehatan,10.4,active
ilsa-house-6065,Ilsa House,Jakarta,2022-02-26,1,4.52,fashion,1.4,suspended
ina-house-4543,Ina House,Tangerang,2023-09-23,0,5.0,grocery,7.7,active
indah-gallery-8141,Indah Gallery,Tangerang,2019-10-04,1,4.33,grocery,7.3,active
indah-official-6320,Indah Official,Surabaya,2024-08-10,0,4.71,grocery,4.6,active
indra-store-9970,Indra Store,Bandung,2022-05-23,1,4.44,elektronik,5.3,suspended
intan-official-1878,Intan Official,Tangerang,2022-01-15,0,4.1,grocery,3.1,suspended
irnanto-store-8671,Irnanto Store,Jakarta,2020-05-08,0,3.99,kesehatan,13.6,active
irwan-house-1970,Irwan House,Medan,2022-02-16,0,4.73,fashion,5.6,active
irwan-house-4776,Irwan House,Tangerang,2020-10-26,0,4.75,elektronik,11.5,active
jaeman-id-2082,Jaeman .id,Tangerang,2020-09-27,0,4.8,grocery,2.8,active
jagapati-9692,Jagapati,Jakarta,2023-11-02,0,3.76,kesehatan,2.3,active
jagaraga-shop-2212,Jagaraga Shop,Bandung,2023-11-20,0,3.92,fashion,9.3,active
jail-store-4108,Jail Store,Denpasar,2019-04-22,0,4.59,lainnya,8.1,active
jaiman-official-1269,Jaiman Official,Surabaya,2024-10-05,0,4.1,kesehatan,2.3,active
jaiman-store-2673,Jaiman Store,Jakarta,2023-07-04,0,4.79,fashion,11.1,active
jais-id-5778,Jais .id,Surabaya,2020-07-18,0,4.13,elektronik,16.2,active
jais-mart-5341,Jais Mart,Jakarta,2024-04-10,1,4.37,grocery,1.6,active
jamalia-store-8186,Jamalia Store,Jakarta,2024-11-12,0,4.6,fashion,5.7,active
jane-house-9918,Jane House,Surabaya,2020-09-05,0,3.92,elektronik,3.0,active
janet-grosir-1656,Janet Grosir,Yogyakarta,2023-07-08,0,4.84,fashion,6.9,active
jarwa-mart-4482,Jarwa Mart,Bandung,2022-12-25,0,4.04,grocery,9.7,active
jarwadi-mart-8889,Jarwadi Mart,Jakarta,2021-03-14,0,4.66,fashion,1.5,inactive
jati-grosir-8171,Jati Grosir,Jakarta,2024-09-19,0,4.61,elektronik,2.5,active
jati-house-6568,Jati House,Surabaya,2022-06-13,0,3.79,fashion,4.0,active
jati-store-8300,Jati Store,Jakarta,2020-09-30,0,4.4,fashion,6.9,active
jatmiko-id-9002,Jatmiko .id,Tangerang,2022-09-19,0,4.47,perabotan,0.9,active
jaya-1210,Jaya,Semarang,2020-04-16,0,3.92,lainnya,2.8,active
jayadi-id-5088,Jayadi .id,Jakarta,2020-07-20,0,4.82,olahraga,2.9,inactive
jayeng-house-4755,Jayeng House,Medan,2021-05-22,1,4.81,fashion,6.9,active
jelita-id-3145,Jelita .id,Semarang,2021-03-16,0,4.79,grocery,11.9,active
jessica-store-6627,Jessica Store,Surabaya,2023-03-12,1,4.6,fashion,3.7,active
jinawi-shop-4615,Jinawi Shop,Tangerang,2024-04-04,1,5.0,olahraga,2.7,active
joko-official-5098,Joko Official,Yogyakarta,2023-10-16,0,4.49,fashion,1.0,active
joko-store-1750,Joko Store,Jakarta,2021-04-15,0,4.43,fashion,15.4,active
jumadi-mart-1460,Jumadi Mart,Jakarta,2024-05-30,0,4.4,kesehatan,7.1,active
kacung-official-4386,Kacung Official,Jakarta,2020-08-19,0,4.19,lainnya,0.8,active
kairav-store-6369,Kairav Store,Surabaya,2019-05-31,0,3.59,elektronik,3.7,active
kajen-id-4941,Kajen .id,Surabaya,2024-11-17,0,4.35,elektronik,6.8,active
kajen-mart-5038,Kajen Mart,Jakarta,2021-06-22,0,4.68,lainnya,6.1,active
kajen-official-4729,Kajen Official,Jakarta,2019-12-29,0,1.4,grocery,6.1,active
kala-official-2487,Kala Official,Yogyakarta,2024-05-20,0,4.18,fashion,12.8,active
kalim-store-9606,Kalim Store,Jakarta,2022-11-01,0,4.64,kesehatan,3.7,active
kalyca-7889,Kalyca,Tangerang,2024-03-20,0,4.71,perabotan,3.5,active
kalyca-apparel-store-8218,Kalyca Apparel Store,Jakarta,2023-11-24,0,4.0,fashion,5.1,active
kalyca-boutique-7369,Kalyca Boutique,Semarang,2019-03-30,1,4.57,fashion,1.7,active
kalyca-grosir-6287,Kalyca Grosir,Jakarta,2021-06-24,0,4.32,fashion,12.9,active
kalyca-house-4644,Kalyca House,Semarang,2019-10-20,0,4.73,kesehatan,7.5,active
kalyca-id-7892,Kalyca .id,Surabaya,2023-01-25,0,4.26,fashion,5.6,active
kalyca-mart-4191,Kalyca Mart,Bandung,2024-06-03,1,4.42,fashion,158.2,suspended
kalyca-mart-5305,Kalyca Mart,Bandung,2021-03-14,0,4.03,grocery,0.7,active
kalyca-mart-boutique-5885,Kalyca Mart Boutique,Semarang,2020-02-02,1,4.31,grocery,5.8,active
kalyca-mart-store-9810,Kalyca Mart Store,Bandung,2021-09-18,0,3.71,grocery,7.7,active
kalyca-official-7032,Kalyca Official,Jakarta,2024-12-11,0,4.35,kesehatan,3.7,active
kalyca-official-7265,Kalyca Official,Jakarta,2020-08-10,0,4.43,lainnya,1.4,suspended
kalyca-shop-6842,Kalyca Shop,Surabaya,2021-12-31,0,4.62,fashion,1.9,active
kalyca-shop-9388,Kalyca Shop,Semarang,2024-08-19,0,4.81,grocery,0.8,active
kalyca-sport-9952,Kalyca Sport,Jakarta,2022-08-31,0,4.11,olahraga,2.2,active
kalyca-store-4273,Kalyca Store,Tangerang,2022-06-14,0,4.45,fashion,4.8,active
kalyca-store-6962,Kalyca Store,Jakarta,2022-02-22,0,4.34,elektronik,8.6,active
kalyca-store-store-6381,Kalyca Store Store,Surabaya,2020-04-15,0,4.02,lainnya,3.5,active
kalyca-wellness-mart-2143,Kalyca Wellness Mart,Bandung,2020-04-15,0,4.62,kesehatan,1.5,inactive
kamal-mart-5832,Kamal Mart,Surabaya,2020-02-04,0,4.29,elektronik,0.5,active
kamaria-7007,Kamaria,Bandung,2023-03-08,0,3.92,fashion,0.2,active
kamaria-store-9458,Kamaria Store,Semarang,2019-11-09,0,3.83,elektronik,8.0,suspended
kamila-grosir-7899,Kamila Grosir,Yogyakarta,2024-07-09,1,4.82,perabotan,4.6,active
kanaya-apparel-mart-8821,Kanaya Apparel Mart,Jakarta,2019-04-08,0,4.66,fashion,8.3,suspended
kanaya-boutique-4508,Kanaya Boutique,Bandung,2022-09-05,1,4.39,olahraga,3.2,active
kanaya-farma-official-5759,Kanaya Farma Official,Tangerang,2021-05-10,0,4.66,kesehatan,11.2,active
kanaya-id-7470,Kanaya .id,Jakarta,2019-01-01,0,3.94,elektronik,6.1,active
kanaya-official-2374,Kanaya Official,Tangerang,2021-12-23,0,4.06,fashion,6.1,active
kanaya-official-2734,Kanaya Official,Jakarta,2020-07-25,0,3.98,elektronik,2.7,inactive
kanaya-shop-id-5925,Kanaya Shop .id,Medan,2021-05-21,0,4.72,lainnya,11.8,active
kanaya-store-store-2284,Kanaya Store Store,Surabaya,2020-01-28,0,4.28,lainnya,14.2,active
kanaya-tech-shop-1197,Kanaya Tech Shop,Jakarta,2019-07-03,0,4.93,elektronik,4.8,active
kanda-id-8610,Kanda .id,Surabaya,2024-12-08,0,4.4,fashion,3.6,active
kanvas-3916,Kanvas,Surabaya,2022-06-09,0,4.32,grocery,230.7,active
kanvas-elektronik-id-8569,Kanvas Elektronik .id,Jakarta,2022-03-21,0,5.0,elektronik,1.1,active
kanvas-elektronik-official-2996,Kanvas Elektronik Official,Medan,2022-10-25,0,4.25,elektronik,4.4,active
kanvas-farma-grosir-1315,Kanvas Farma Grosir,Bandung,2024-09-11,0,4.4,kesehatan,4.4,suspended
kanvas-farma-id-4258,Kanvas Farma .id,Semarang,2023-11-26,0,4.06,kesehatan,4.8,active
kanvas-fashion-grosir-4112,Kanvas Fashion Grosir,Jakarta,2023-10-24,0,3.77,fashion,1.8,active
kanvas-gallery-9282,Kanvas Gallery,Bandung,2019-11-11,0,4.46,elektronik,4.4,active
kanvas-grosir-boutique-5264,Kanvas Grosir Boutique,Jakarta,2022-02-18,0,4.57,grocery,8.1,active
kanvas-health-official-2167,Kanvas Health Official,Semarang,2022-06-01,0,4.38,kesehatan,11.0,active
kanvas-id-2698,Kanvas .id,Denpasar,2019-04-16,0,4.19,fashion,6.3,active
kanvas-id-6401,Kanvas .id,Medan,2019-03-14,0,4.84,fashion,4.3,active
kanvas-id-8241,Kanvas .id,Bandung,2022-03-13,0,3.78,olahraga,0.2,active
kanvas-store-3363,Kanvas Store,Jakarta,2023-04-02,0,4.5,lainnya,7.1,active
kanvas-tech-grosir-9524,Kanvas Tech Grosir,Medan,2022-10-26,0,4.18,elektronik,4.7,active
karna-grosir-8335,Karna Grosir,Bandung,2022-04-07,0,4.14,olahraga,7.7,active
karsana-official-8994,Karsana Official,Bandung,2021-09-01,0,3.65,perabotan,8.8,active
karsana-store-7143,Karsana Store,Bandung,2021-07-01,0,4.71,elektronik,0.9,active
karta-shop-5859,Karta Shop,Medan,2022-05-11,0,4.52,lainnya,16.9,active
kasiran-gallery-4106,Kasiran Gallery,Jakarta,2019-04-13,0,3.88,grocery,2.6,active
kasiyah-official-4720,Kasiyah Official,Bandung,2022-04-18,0,4.8,fashion,7.8,active
kasusra-grosir-4597,Kasusra Grosir,Jakarta,2019-01-26,0,4.79,elektronik,3.4,active
kasusra-official-9321,Kasusra Official,Jakarta,2020-08-22,0,3.62,olahraga,7.1,active
kawaya-house-9791,Kawaya House,Semarang,2019-07-26,0,4.34,fashion,2.7,active
kayana-3541,Kayana,Yogyakarta,2024-03-15,0,4.15,elektronik,4.4,active
kayana-7866,Kayana,Surabaya,2019-09-07,0,4.23,perabotan,1.0,active
kayana-gallery-1627,Kayana Gallery,Medan,2019-02-16,0,4.31,fashion,6.2,active
kayana-living-boutique-8639,Kayana Living Boutique,Jakarta,2022-03-09,0,4.31,perabotan,4.9,active
kayana-official-6936,Kayana Official,Medan,2024-03-26,0,4.25,perabotan,5.0,active
kayana-official-7174,Kayana Official,Bandung,2019-11-08,0,4.36,olahraga,4.4,active
kayana-official-8580,Kayana Official,Bandung,2024-12-18,0,4.2,fashion,8.6,active
kayana-shop-5714,Kayana Shop,Surabaya,2022-10-11,0,4.93,grocery,3.7,active
kayana-sport-official-6180,Kayana Sport Official,Denpasar,2020-12-25,0,4.24,olahraga,7.7,active
kayana-store-1080,Kayana Store,Jakarta,2024-03-18,1,4.65,elektronik,3.5,active
kayana-store-9236,Kayana Store,Medan,2024-07-28,0,4.39,grocery,5.6,active
kayana-store-store-2222,Kayana Store Store,Jakarta,2021-11-27,0,4.49,lainnya,2.6,active
kayun-grosir-6656,Kayun Grosir,Jakarta,2020-09-04,0,4.75,lainnya,7.4,active
keisha-official-5270,Keisha Official,Denpasar,2022-06-10,0,3.97,fashion,1.4,active
kembang-4495,Kembang,Denpasar,2021-12-13,1,4.12,fashion,3.9,active
kembang-elektronik-shop-7847,Kembang Elektronik Shop,Jakarta,2023-04-02,0,4.14,elektronik,5.2,active
kembang-fashion-shop-6473,Kembang Fashion Shop,Medan,2023-11-05,0,4.4,fashion,7.3,active
kembang-gallery-9223,Kembang Gallery,Jakarta,2020-10-09,0,4.56,fashion,7.6,active
kembang-house-9983,Kembang House,Surabaya,2020-04-17,0,4.67,fashion,1.4,active
kembang-official-1333,Kembang Official,Surabaya,2019-02-23,0,4.17,lainnya,3.7,active
kembang-official-1908,Kembang Official,Jakarta,2024-09-23,0,4.33,fashion,1.2,active
kembang-official-2755,Kembang Official,Semarang,2021-05-05,0,4.3,fashion,9.6,active
kembang-official-3131,Kembang Official,Denpasar,2022-08-14,0,4.36,fashion,3.6,active
kembang-official-7547,Kembang Official,Jakarta,2020-12-11,0,4.11,lainnya,229.9,active
kembang-outfit-shop-9629,Kembang Outfit Shop,Tangerang,2019-06-12,0,4.85,fashion,4.2,active
kembang-shop-9667,Kembang Shop,Surabaya,2024-05-22,0,3.76,grocery,5.7,active
kembang-shop-gallery-9695,Kembang Shop Gallery,Jakarta,2023-06-30,0,4.34,lainnya,7.6,active
kembang-store-3727,Kembang Store,Jakarta,2022-08-02,0,4.33,olahraga,3.3,active
kembang-store-5070,Kembang Store,Bandung,2021-02-02,0,4.15,lainnya,7.0,active
kembang-wellness-mart-8731,Kembang Wellness Mart,Jakarta,2021-12-23,0,4.65,kesehatan,1.9,active
kenari-official-1349,Kenari Official,Bandung,2020-12-25,0,4.3,lainnya,1.3,active
kenes-id-6726,Kenes .id,Semarang,2022-05-27,0,4.82,fashion,3.5,active
kenzie-gallery-2003,Kenzie Gallery,Surabaya,2024-05-11,0,3.87,elektronik,6.0,active
kiandra-house-7228,Kiandra House,Jakarta,2020-09-23,0,4.51,fashion,2.9,active
kirana-apparel-official-7130,Kirana Apparel Official,Jakarta,2019-09-16,0,4.72,fashion,7.4,active
kirana-boutique-3210,Kirana Boutique,Surabaya,2024-08-25,0,3.92,olahraga,1.8,suspended
kirana-boutique-5278,Kirana Boutique,Yogyakarta,2023-03-20,1,4.93,elektronik,2.2,active
kirana-boutique-7298,Kirana Boutique,Bandung,2020-11-11,0,4.36,olahraga,8.5,inactive
kirana-fitness-grosir-9025,Kirana Fitness Grosir,Denpasar,2021-09-07,0,4.62,olahraga,2.2,active
kirana-furnitur-shop-6519,Kirana Furnitur Shop,Jakarta,2022-09-05,0,4.29,perabotan,1.1,active
kirana-gadget-gallery-6991,Kirana Gadget Gallery,Bandung,2023-10-27,0,4.53,elektronik,8.4,active
kirana-home-grosir-8250,Kirana Home Grosir,Jakarta,2022-12-17,0,4.24,perabotan,2.4,active
kirana-id-6853,Kirana .id,Jakarta,2021-01-12,0,4.52,lainnya,7.4,active
kirana-mart-5946,Kirana Mart,Tangerang,2020-07-12,0,4.34,elektronik,2.2,active
kirana-official-5782,Kirana Official,Yogyakarta,2022-06-27,0,3.86,fashion,8.8,active
kirana-official-9860,Kirana Official,Yogyakarta,2021-04-03,0,3.93,kesehatan,5.0,active
kirana-shop-5611,Kirana Shop,Surabaya,2024-12-03,0,4.75,kesehatan,12.0,active
kirana-store-9068,Kirana Store,Semarang,2024-05-13,0,4.26,fashion,1.3,suspended
kirana-store-9951,Kirana Store,Semarang,2021-10-06,0,4.67,perabotan,0.6,active
kirana-store-boutique-4849,Kirana Store Boutique,Bandung,2023-04-15,0,3.35,lainnya,4.9,active
kirana-store-store-7773,Kirana Store Store,Tangerang,2019-10-31,0,4.55,lainnya,0.4,active
kirana-tech-gallery-6822,Kirana Tech Gallery,Jakarta,2023-12-24,0,4.74,elektronik,3.2,active
koko-gallery-4873,Koko Gallery,Jakarta,2019-09-21,0,4.67,fashion,2.6,active
koko-gallery-5655,Koko Gallery,Semarang,2022-12-17,0,4.42,elektronik,1.1,active
koko-official-5796,Koko Official,Jakarta,2024-08-22,1,4.44,grocery,0.9,active
koko-store-6436,Koko Store,Jakarta,2023-04-05,1,3.78,grocery,2.9,active
kriya-apparel-official-9466,Kriya Apparel Official,Surabaya,2020-10-23,0,4.26,fashion,7.4,active
kriya-fitness-official-6662,Kriya Fitness Official,Surabaya,2020-11-07,0,4.55,elektronik,3.7,active
kriya-fitness-official-7062,Kriya Fitness Official,Jakarta,2024-09-08,0,4.61,olahraga,1.7,active
kriya-gadget-shop-8488,Kriya Gadget Shop,Jakarta,2019-12-24,0,4.35,elektronik,4.9,active
kriya-house-5032,Kriya House,Jakarta,2019-08-18,0,4.3,fashion,0.4,active
kriya-id-1606,Kriya .id,Bandung,2019-08-23,0,3.86,fashion,8.9,active
kriya-id-4430,Kriya .id,Semarang,2020-08-10,0,4.84,lainnya,1.9,active
kriya-mart-id-5803,Kriya Mart .id,Jakarta,2020-08-03,0,4.17,grocery,9.0,active
kriya-official-1389,Kriya Official,Jakarta,2024-08-31,0,4.33,fashion,6.4,inactive
kriya-shop-9605,Kriya Shop,Jakarta,2023-04-17,0,4.1,fashion,10.2,active
kriya-store-3294,Kriya Store,Jakarta,2022-12-22,0,4.38,fashion,2.2,inactive
kriya-store-5487,Kriya Store,Jakarta,2022-04-12,1,5.0,fashion,17.3,active
kriya-wear-gallery-9522,Kriya Wear Gallery,Bandung,2022-12-22,0,4.59,fashion,3.6,active
kuncara-3574,Kuncara,Denpasar,2019-03-21,0,3.97,fashion,3.9,active
kuncara-shop-6080,Kuncara Shop,Jakarta,2019-09-26,0,4.04,kesehatan,10.3,active
kunthara-shop-6411,Kunthara Shop,Jakarta,2024-11-24,0,4.69,kesehatan,6.8,active
kurnia-mart-9285,Kurnia Mart,Yogyakarta,2019-01-15,0,4.19,fashion,5.4,active
laila-shop-8679,Laila Shop,Jakarta,2020-05-05,0,4.89,lainnya,7.9,active
lala-official-2459,Lala Official,Surabaya,2022-09-27,0,5.0,lainnya,10.6,active
lala-store-8291,Lala Store,Denpasar,2020-02-10,0,4.23,perabotan,5.6,active
larasati-7599,Larasati,Denpasar,2019-06-17,0,4.76,fashion,147.7,active
larasati-apparel-6055,Larasati Apparel,Jakarta,2021-10-22,0,4.88,fashion,5.7,active
larasati-boutique-5360,Larasati Boutique,Jakarta,2020-03-28,0,3.26,lainnya,8.9,active
larasati-boutique-9390,Larasati Boutique,Jakarta,2020-06-12,0,4.28,grocery,5.9,suspended
larasati-fashion-store-5639,Larasati Fashion Store,Bandung,2023-05-17,0,4.25,fashion,3.9,active
larasati-fitness-store-7335,Larasati Fitness Store,Jakarta,2024-11-09,0,4.45,olahraga,1.4,active
larasati-grosir-grosir-5778,Larasati Grosir Grosir,Tangerang,2021-10-05,0,4.4,grocery,1.5,active
larasati-health-grosir-6106,Larasati Health Grosir,Semarang,2023-03-24,1,3.58,kesehatan,8.3,inactive
larasati-house-1392,Larasati House,Tangerang,2019-11-12,0,5.0,kesehatan,8.9,active
larasati-id-6048,Larasati .id,Medan,2021-10-24,0,4.42,kesehatan,7.2,active
larasati-mart-grosir-1724,Larasati Mart Grosir,Jakarta,2022-08-31,0,4.71,grocery,6.7,suspended
larasati-mart-mart-7863,Larasati Mart Mart,Jakarta,2019-10-27,0,4.3,grocery,14.3,active
larasati-official-1928,Larasati Official,Denpasar,2023-01-27,0,4.55,fashion,4.2,active
larasati-official-3221,Larasati Official,Tangerang,2024-06-13,0,4.18,fashion,3.7,active
larasati-official-5497,Larasati Official,Jakarta,2024-04-16,0,4.31,grocery,1.3,active
larasati-official-6761,Larasati Official,Jakarta,2023-05-14,0,3.69,grocery,3.5,active
larasati-pangan-id-8317,Larasati Pangan .id,Medan,2019-12-27,0,3.78,grocery,1.3,active
larasati-shop-8488,Larasati Shop,Bandung,2020-10-22,0,2.05,perabotan,1.3,active
larasati-store-6844,Larasati Store,Surabaya,2020-03-25,0,4.79,fashion,0.3,active
lasmono-official-9717,Lasmono Official,Medan,2022-09-09,0,4.52,lainnya,2.9,active
legawa-gallery-4814,Legawa Gallery,Bandung,2024-07-20,0,4.26,olahraga,5.9,active
legawa-shop-9800,Legawa Shop,Jakarta,2024-05-18,0,4.38,lainnya,1.5,active
legawa-store-5305,Legawa Store,Jakarta,2022-04-23,0,4.39,fashion,4.5,active
leo-boutique-4552,Leo Boutique,Semarang,2019-03-31,0,3.64,grocery,3.1,active
leo-shop-4236,Leo Shop,Tangerang,2020-01-13,0,4.52,perabotan,2.0,active
lili-6275,Lili,Bandung,2022-08-05,0,4.21,grocery,2.8,active
limar-store-3745,Limar Store,Semarang,2020-08-08,0,4.36,perabotan,12.5,active
loka-2826,Loka,Denpasar,2021-11-17,1,5.0,grocery,8.7,active
loka-boutique-7305,Loka Boutique,Bandung,2024-07-30,0,4.68,grocery,2.6,active
loka-fitness-official-8249,Loka Fitness Official,Jakarta,2021-11-26,0,5.0,olahraga,6.5,active
loka-gallery-5789,Loka Gallery,Jakarta,2022-04-28,0,4.36,grocery,3.0,active
loka-gallery-8088,Loka Gallery,Jakarta,2019-01-20,0,4.3,fashion,8.0,active
loka-grosir-5988,Loka Grosir,Surabaya,2022-01-01,0,4.18,elektronik,5.6,active
loka-official-9159,Loka Official,Tangerang,2024-11-05,0,4.45,grocery,1.4,active
loka-outfit-boutique-1629,Loka Outfit Boutique,Jakarta,2020-03-16,0,4.48,fashion,3.6,active
loka-outfit-grosir-6089,Loka Outfit Grosir,Tangerang,2024-08-14,0,4.11,fashion,2.6,active
loka-shop-1129,Loka Shop,Jakarta,2024-09-05,0,4.74,olahraga,3.9,active
loka-shop-1183,Loka Shop,Jakarta,2022-09-27,0,4.06,perabotan,11.0,active
loka-shop-4918,Loka Shop,Surabaya,2021-05-23,0,3.91,grocery,2.8,active
loka-shop-6944,Loka Shop,Jakarta,2022-02-05,0,4.74,fashion,0.5,active
loka-shop-id-9640,Loka Shop .id,Surabaya,2024-04-10,0,4.45,lainnya,14.5,active
loka-store-1419,Loka Store,Jakarta,2022-03-03,0,4.33,grocery,2.1,inactive
loka-store-3735,Loka Store,Jakarta,2023-10-04,0,4.68,grocery,10.7,suspended
loka-store-store-4373,Loka Store Store,Denpasar,2024-03-13,0,3.87,lainnya,1.0,active
loka-tech-official-8338,Loka Tech Official,Semarang,2022-09-13,0,5.0,elektronik,82.3,active
luhung-official-3651,Luhung Official,Medan,2020-02-20,0,4.58,fashion,1.9,active
lukita-store-2412,Lukita Store,Medan,2024-11-16,0,3.87,lainnya,0.5,active
lulut-store-7428,Lulut Store,Jakarta,2021-03-18,0,4.8,perabotan,0.8,suspended
lumina-farma-store-1715,Lumina Farma Store,Surabaya,2024-12-11,1,4.54,kesehatan,3.0,active
lumina-fashion-mart-7973,Lumina Fashion Mart,Jakarta,2021-07-06,0,3.92,fashion,0.5,active
lumina-fashion-shop-8757,Lumina Fashion Shop,Tangerang,2022-03-29,0,4.82,fashion,2.8,active
lumina-furnitur-shop-3960,Lumina Furnitur Shop,Semarang,2019-12-18,0,4.23,perabotan,4.2,active
lumina-grosir-5771,Lumina Grosir,Bandung,2022-05-13,0,4.37,fashion,4.3,active
lumina-grosir-7271,Lumina Grosir,Jakarta,2020-04-19,0,4.07,grocery,5.2,active
lumina-grosir-house-7828,Lumina Grosir House,Jakarta,2021-06-14,0,4.13,grocery,2.0,active
lumina-official-2123,Lumina Official,Jakarta,2021-07-30,0,4.4,kesehatan,3.9,active
lumina-official-4426,Lumina Official,Bandung,2019-12-02,0,4.04,perabotan,3.3,active
lumina-official-6379,Lumina Official,Surabaya,2024-03-02,0,4.77,elektronik,0.7,active
lumina-official-6644,Lumina Official,Yogyakarta,2024-11-24,0,4.59,kesehatan,6.9,active
lumina-shop-3092,Lumina Shop,Tangerang,2023-04-28,0,4.13,grocery,2.3,active
lumina-store-4389,Lumina Store,Tangerang,2022-04-23,0,4.59,perabotan,3.6,active
lumina-store-6693,Lumina Store,Jakarta,2020-12-24,0,4.83,grocery,5.7,active
lurhur-mart-3094,Lurhur Mart,Tangerang,2021-07-01,1,4.07,elektronik,6.0,active
lurhur-shop-1861,Lurhur Shop,Bandung,2021-12-15,0,4.16,grocery,3.6,active
luthfi-mart-9376,Luthfi Mart,Tangerang,2019-06-01,0,4.39,fashion,4.8,active
mahdi-store-8354,Mahdi Store,Jakarta,2023-11-17,0,4.11,fashion,4.2,active
mahoni-apparel-store-1909,Mahoni Apparel Store,Yogyakarta,2024-10-13,0,4.76,fashion,7.4,active
mahoni-fitness-store-6775,Mahoni Fitness Store,Medan,2022-11-26,0,3.96,olahraga,1.1,active
mahoni-furnitur-house-3769,Mahoni Furnitur House,Yogyakarta,2024-07-07,0,4.62,perabotan,3.8,active
mahoni-gallery-3410,Mahoni Gallery,Semarang,2021-04-07,0,4.43,grocery,1.2,active
mahoni-gallery-9559,Mahoni Gallery,Medan,2020-03-08,0,3.97,elektronik,11.3,active
mahoni-grosir-official-7505,Mahoni Grosir Official,Surabaya,2019-09-27,0,4.17,grocery,5.9,active
mahoni-id-1452,Mahoni .id,Medan,2019-04-01,0,4.52,grocery,4.4,active
mahoni-id-7572,Mahoni .id,Semarang,2020-02-27,0,4.34,grocery,10.5,active
mahoni-official-1692,Mahoni Official,Jakarta,2023-04-07,0,4.9,fashion,1.2,active
mahoni-official-3363,Mahoni Official,Jakarta,2020-02-19,0,4.22,elektronik,0.8,active
mahoni-store-2175,Mahoni Store,Yogyakarta,2020-02-17,0,4.37,elektronik,1.4,active
mahoni-store-4125,Mahoni Store,Surabaya,2022-10-13,0,4.57,elektronik,1.3,active
mahoni-store-5073,Mahoni Store,Semarang,2023-10-12,0,3.98,fashion,0.8,active
mahoni-store-6147,Mahoni Store,Tangerang,2024-09-29,0,4.29,perabotan,2.4,active
mahoni-store-shop-2820,Mahoni Store Shop,Medan,2023-08-20,0,4.22,lainnya,6.6,active
mahoni-tech-shop-8150,Mahoni Tech Shop,Semarang,2023-07-08,0,4.39,elektronik,1.1,active
maida-6808,Maida,Tangerang,2023-01-27,0,4.2,fashion,2.7,active
maida-official-3139,Maida Official,Bandung,2020-08-15,0,3.84,elektronik,4.0,active
maimunah-store-4439,Maimunah Store,Denpasar,2024-12-05,0,4.0,fashion,1.1,active
makara-store-4873,Makara Store,Jakarta,2019-07-07,0,4.34,elektronik,0.5,active
makuta-mart-3454,Makuta Mart,Jakarta,2022-11-23,0,4.7,elektronik,1.7,active
malika-house-2647,Malika House,Tangerang,2019-07-04,0,4.71,olahraga,4.4,active
margana-mart-4763,Margana Mart,Bandung,2019-02-12,0,4.37,grocery,4.1,active
marigold-farma-gallery-1549,Marigold Farma Gallery,Bandung,2024-11-13,0,4.78,kesehatan,1.2,active
marigold-fashion-house-7927,Marigold Fashion House,Jakarta,2019-07-25,0,3.83,fashion,8.7,active
marigold-fitness-id-9651,Marigold Fitness .id,Bandung,2019-06-20,0,4.6,olahraga,1.3,active
marigold-furnitur-shop-2711,Marigold Furnitur Shop,Surabaya,2023-11-11,0,4.39,perabotan,10.8,active
marigold-official-5478,Marigold Official,Semarang,2024-07-25,0,4.29,elektronik,6.2,active
marigold-official-5757,Marigold Official,Surabaya,2024-09-13,0,3.94,grocery,8.4,active
marigold-official-6403,Marigold Official,Semarang,2023-06-18,0,4.34,fashion,3.9,active
marigold-shop-grosir-5834,Marigold Shop Grosir,Medan,2020-12-06,0,4.68,lainnya,4.1,inactive
marigold-store-1892,Marigold Store,Denpasar,2020-05-26,0,4.49,kesehatan,6.6,active
marigold-store-5084,Marigold Store,Bandung,2021-11-01,0,3.62,grocery,2.2,active
marigold-store-id-3655,Marigold Store .id,Jakarta,2023-11-08,0,4.86,lainnya,3.2,active
marigold-store-id-7538,Marigold Store .id,Jakarta,2023-05-11,0,4.57,lainnya,3.2,active
marigold-store-official-1039,Marigold Store Official,Tangerang,2024-02-24,0,4.33,lainnya,12.5,active
marigold-store-store-8928,Marigold Store Store,Surabaya,2020-07-04,0,4.99,lainnya,211.1,active
marigold-wear-official-4560,Marigold Wear Official,Jakarta,2022-11-27,0,4.54,fashion,1.0,active
marigold-wellness-shop-5676,Marigold Wellness Shop,Bandung,2020-08-15,0,4.78,kesehatan,2.2,active
martana-gallery-2951,Martana Gallery,Medan,2024-02-09,0,3.81,perabotan,2.3,active
marwata-house-7519,Marwata House,Medan,2023-05-28,0,4.14,perabotan,4.5,active
maryadi-id-8738,Maryadi .id,Surabaya,2020-09-22,0,4.09,fashion,5.7,active
maryadi-shop-4353,Maryadi Shop,Surabaya,2023-01-03,0,4.48,kesehatan,0.6,inactive
maryanto-official-3370,Maryanto Official,Denpasar,2023-09-08,0,4.08,lainnya,9.3,active
meraki-boutique-1709,Meraki Boutique,Jakarta,2022-04-02,0,3.91,elektronik,2.0,active
meraki-elektronik-shop-2000,Meraki Elektronik Shop,Tangerang,2019-01-02,0,4.14,elektronik,3.9,active
meraki-farma-mart-9004,Meraki Farma Mart,Bandung,2020-02-03,0,3.82,kesehatan,2.5,active
meraki-fashion-official-8941,Meraki Fashion Official,Yogyakarta,2021-10-09,0,4.57,fashion,4.4,active
meraki-gadget-id-1950,Meraki Gadget .id,Jakarta,2023-05-15,0,4.32,kesehatan,11.5,active
meraki-gadget-id-8016,Meraki Gadget .id,Jakarta,2021-05-07,0,4.34,elektronik,1.9,active
meraki-id-1660,Meraki .id,Medan,2021-04-11,0,4.5,fashion,8.2,active
meraki-id-9093,Meraki .id,Tangerang,2020-07-30,0,4.59,grocery,3.0,active
meraki-mart-1178,Meraki Mart,Tangerang,2020-10-25,0,4.55,grocery,4.3,active
meraki-mart-3077,Meraki Mart,Jakarta,2022-01-04,0,4.64,grocery,2.3,active
meraki-mart-4131,Meraki Mart,Yogyakarta,2019-11-09,0,4.1,fashion,6.2,active
meraki-mart-8133,Meraki Mart,Jakarta,2023-08-13,0,4.46,fashion,11.0,active
meraki-mart-store-7151,Meraki Mart Store,Medan,2024-07-04,0,4.9,grocery,7.0,active
meraki-official-4071,Meraki Official,Bandung,2023-03-16,1,3.4,grocery,11.2,active
meraki-official-5855,Meraki Official,Surabaya,2023-05-11,0,4.66,elektronik,12.5,inactive
meraki-official-6373,Meraki Official,Jakarta,2023-03-24,0,4.37,kesehatan,3.0,active
meraki-pangan-gallery-4410,Meraki Pangan Gallery,Surabaya,2022-09-11,0,4.38,grocery,12.2,suspended
meraki-shop-5412,Meraki Shop,Jakarta,2022-06-26,0,4.44,lainnya,7.8,active
meraki-store-1268,Meraki Store,Jakarta,2022-04-21,0,4.1,fashion,18.1,inactive
meraki-store-4262,Meraki Store,Jakarta,2020-04-21,1,4.42,fashion,5.4,active
meraki-store-7087,Meraki Store,Jakarta,2024-12-20,0,4.48,fashion,0.9,active
meraki-tech-grosir-5192,Meraki Tech Grosir,Jakarta,2020-12-22,0,4.98,elektronik,3.2,active
meraki-tech-store-9304,Meraki Tech Store,Surabaya,2019-03-03,0,4.52,elektronik,2.1,active
muhammad-house-5112,Muhammad House,Semarang,2020-06-09,0,3.57,fashion,5.6,active
muhammad-house-9114,Muhammad House,Bandung,2019-10-29,0,4.47,lainnya,0.7,active
mulya-house-7905,Mulya House,Jakarta,2024-07-28,1,4.11,lainnya,5.5,active
mulya-official-9315,Mulya Official,Jakarta,2023-03-30,0,4.17,grocery,5.0,active
mulyono-shop-1288,Mulyono Shop,Jakarta,2021-09-10,0,4.03,fashion,4.0,active
muni-official-5068,Muni Official,Jakarta,2020-10-26,0,4.4,lainnya,3.8,active
mursita-store-5854,Mursita Store,Jakarta,2024-06-12,0,4.34,fashion,5.3,active
mustofa-official-3960,Mustofa Official,Medan,2022-03-25,0,4.03,elektronik,7.4,active
mustofa-store-3281,Mustofa Store,Bandung,2023-07-04,0,4.44,lainnya,7.4,active
mutia-shop-4577,Mutia Shop,Semarang,2021-10-13,0,4.21,elektronik,4.4,active
mutia-shop-8660,Mutia Shop,Bandung,2023-12-11,1,4.31,elektronik,1.2,active
najib-shop-8652,Najib Shop,Jakarta,2020-02-06,0,4.41,fashion,5.5,active
nara-boutique-1537,Nara Boutique,Surabaya,2022-09-10,0,4.29,fashion,9.1,active
nara-boutique-6812,Nara Boutique,Jakarta,2024-02-06,0,4.21,grocery,4.4,active
nara-boutique-7392,Nara Boutique,Jakarta,2019-03-02,0,4.62,elektronik,3.3,active
nara-farma-shop-3714,Nara Farma Shop,Tangerang,2019-01-31,0,4.64,kesehatan,5.9,active
nara-fashion-official-5004,Nara Fashion Official,Semarang,2023-11-18,0,4.48,fashion,4.5,active
nara-fitness-store-3188,Nara Fitness Store,Tangerang,2021-12-07,0,4.36,olahraga,1.1,active
nara-fitness-store-3981,Nara Fitness Store,Bandung,2024-12-03,0,4.61,olahraga,0.8,active
nara-furnitur-store-7806,Nara Furnitur Store,Jakarta,2022-05-18,0,4.73,perabotan,10.1,active
nara-gadget-id-7886,Nara Gadget .id,Semarang,2020-06-19,0,4.19,elektronik,4.1,active
nara-gallery-9445,Nara Gallery,Jakarta,2020-08-08,0,4.06,elektronik,3.3,active
nara-grosir-8065,Nara Grosir,Jakarta,2023-07-27,0,4.28,grocery,1.1,active
nara-grosir-8175,Nara Grosir,Surabaya,2024-07-13,0,4.25,kesehatan,161.4,active
nara-grosir-9289,Nara Grosir,Surabaya,2019-11-25,0,4.38,elektronik,2.9,active
nara-id-8425,Nara .id,Bandung,2019-06-10,0,4.26,fashion,14.6,active
nara-mart-2997,Nara Mart,Denpasar,2019-10-28,0,4.12,fashion,3.2,active
nara-official-3177,Nara Official,Jakarta,2023-05-27,0,4.28,kesehatan,5.7,active
nara-official-3656,Nara Official,Tangerang,2021-02-14,0,4.59,kesehatan,7.0,active
nara-shop-7403,Nara Shop,Surabaya,2022-09-26,0,4.67,elektronik,11.4,suspended
nara-shop-9858,Nara Shop,Medan,2022-07-20,0,4.47,grocery,5.7,active
nara-store-1872,Nara Store,Jakarta,2024-09-05,0,4.66,elektronik,2.3,active
nara-store-1986,Nara Store,Bandung,2019-08-19,0,4.74,elektronik,2.4,suspended
nara-store-5866,Nara Store,Jakarta,2021-09-24,0,3.53,perabotan,11.0,active
nara-store-house-9632,Nara Store House,Semarang,2022-06-20,0,4.65,lainnya,181.5,active
nara-wear-grosir-4385,Nara Wear Grosir,Medan,2021-10-24,0,4.96,fashion,6.1,active
nara-wellness-shop-6488,Nara Wellness Shop,Medan,2022-06-20,0,4.35,kesehatan,11.6,active
naradi-4993,Naradi,Jakarta,2022-03-06,0,4.04,perabotan,6.3,active
nasab-5265,Nasab,Jakarta,2023-03-11,0,4.78,kesehatan,2.9,active
nasim-boutique-4990,Nasim Boutique,Bandung,2020-11-16,0,4.37,fashion,3.1,suspended
nasim-official-3646,Nasim Official,Jakarta,2020-04-16,0,4.08,kesehatan,8.8,active
natalia-gallery-2186,Natalia Gallery,Denpasar,2022-12-28,0,4.0,grocery,2.1,active
naturalle-apparel-official-5699,Naturalle Apparel Official,Surabaya,2021-09-19,1,4.16,fashion,6.3,active
naturalle-farma-store-6264,Naturalle Farma Store,Bandung,2020-09-02,0,3.6,kesehatan,2.2,active
naturalle-fashion-shop-5511,Naturalle Fashion Shop,Jakarta,2022-10-22,0,4.65,fashion,9.2,active
naturalle-gallery-7911,Naturalle Gallery,Denpasar,2021-12-25,0,4.79,fashion,1.9,active
naturalle-grosir-7634,Naturalle Grosir,Jakarta,2023-10-15,1,4.5,fashion,2.9,inactive
naturalle-health-grosir-8734,Naturalle Health Grosir,Jakarta,2020-03-04,0,4.64,kesehatan,1.2,active
naturalle-id-1694,Naturalle .id,Jakarta,2021-02-18,0,3.79,lainnya,6.6,active
naturalle-id-5560,Naturalle .id,Bandung,2021-12-18,1,4.79,grocery,5.7,active
naturalle-id-6384,Naturalle .id,Jakarta,2024-07-30,0,4.17,fashion,0.4,active
naturalle-mart-official-3987,Naturalle Mart Official,Surabaya,2023-05-21,0,4.73,grocery,201.7,active
naturalle-official-1055,Naturalle Official,Surabaya,2020-01-07,1,4.48,perabotan,2.1,active
naturalle-official-2393,Naturalle Official,Jakarta,2023-10-01,0,4.39,elektronik,2.4,active
naturalle-pangan-boutique-6842,Naturalle Pangan Boutique,Tangerang,2023-04-05,0,4.24,grocery,2.5,active
naturalle-shop-5799,Naturalle Shop,Jakarta,2024-03-26,0,4.69,kesehatan,6.8,suspended
naturalle-shop-8942,Naturalle Shop,Jakarta,2020-11-19,0,4.52,lainnya,0.4,active
naturalle-store-3509,Naturalle Store,Semarang,2019-09-04,0,4.05,grocery,6.4,active
naturalle-store-9881,Naturalle Store,Denpasar,2021-03-07,0,4.11,grocery,3.4,active
naturalle-store-id-7125,Naturalle Store .id,Surabaya,2021-04-17,0,4.61,lainnya,147.4,suspended
naturalle-wear-gallery-1463,Naturalle Wear Gallery,Bandung,2020-07-04,0,4.52,fashion,15.3,active
nilam-official-5945,Nilam Official,Bandung,2021-01-06,0,4.23,perabotan,2.8,active
nugraha-store-4268,Nugraha Store,Semarang,2021-08-26,0,4.07,olahraga,3.6,active
nurul-id-8790,Nurul .id,Jakarta,2019-07-29,0,4.53,grocery,3.9,active
nusantara-2559,Nusantara,Denpasar,2023-02-27,0,4.67,elektronik,2.6,active
nusantara-4904,Nusantara,Surabaya,2022-01-27,0,4.13,fashion,4.5,active
nusantara-apparel-gallery-6705,Nusantara Apparel Gallery,Surabaya,2024-04-25,0,4.37,fashion,2.5,active
nusantara-farma-official-7148,Nusantara Farma Official,Surabaya,2024-10-01,0,4.35,kesehatan,3.3,active
nusantara-fashion-id-2639,Nusantara Fashion .id,Semarang,2022-09-18,0,4.48,fashion,0.6,active
nusantara-fashion-shop-6799,Nusantara Fashion Shop,Jakarta,2021-04-12,0,3.93,fashion,230.3,suspended
nusantara-gallery-8433,Nusantara Gallery,Jakarta,2019-07-25,0,4.6,lainnya,3.3,active
nusantara-grosir-3944,Nusantara Grosir,Bandung,2022-07-07,0,4.13,perabotan,170.4,active
nusantara-health-store-5113,Nusantara Health Store,Jakarta,2024-04-09,0,4.68,kesehatan,1.7,active
nusantara-id-3688,Nusantara .id,Bandung,2023-04-14,0,4.17,kesehatan,1.6,active
nusantara-id-5367,Nusantara .id,Tangerang,2019-12-21,0,4.19,lainnya,5.7,active
nusantara-id-6422,Nusantara .id,Yogyakarta,2021-10-28,0,4.85,grocery,8.5,active
nusantara-official-1937,Nusantara Official,Jakarta,2021-11-15,0,5.0,elektronik,4.6,active
nusantara-outfit-id-1812,Nusantara Outfit .id,Bandung,2022-09-10,0,4.04,fashion,3.7,active
nusantara-outfit-id-9511,Nusantara Outfit .id,Medan,2020-01-02,0,3.72,grocery,4.5,active
nusantara-pangan-3447,Nusantara Pangan,Surabaya,2021-09-30,0,5.0,grocery,2.5,active
nusantara-shop-5867,Nusantara Shop,Bandung,2023-05-10,0,3.82,lainnya,5.7,active
nusantara-shop-6542,Nusantara Shop,Jakarta,2023-05-22,1,5.0,lainnya,1.7,active
nusantara-sport-official-4432,Nusantara Sport Official,Bandung,2019-08-06,0,3.97,olahraga,7.0,active
nusantara-store-4064,Nusantara Store,Jakarta,2020-06-18,0,4.22,fashion,4.7,active
nusantara-store-7636,Nusantara Store,Jakarta,2021-12-22,0,4.64,perabotan,4.2,active
okta-1360,Okta,Bandung,2022-01-24,0,4.5,olahraga,10.6,active
okta-shop-7168,Okta Shop,Jakarta,2022-08-22,0,1.69,grocery,1.9,active
okto-official-9530,Okto Official,Medan,2021-03-19,0,4.0,fashion,0.9,active
olga-official-9244,Olga Official,Yogyakarta,2024-05-20,0,4.83,lainnya,2.4,active
omar-official-5811,Omar Official,Surabaya,2024-06-26,0,4.37,fashion,3.2,active
omar-official-9520,Omar Official,Jakarta,2022-03-28,0,4.4,grocery,4.1,suspended
omar-store-5146,Omar Store,Bandung,2023-10-16,0,4.83,olahraga,4.9,active
oni-official-8250,Oni Official,Semarang,2023-12-19,0,4.46,fashion,2.2,active
opung-boutique-2619,Opung Boutique,Bandung,2019-03-09,0,4.45,fashion,4.5,active
oskar-store-5964,Oskar Store,Semarang,2021-10-24,1,4.87,fashion,9.6,active
padma-store-1865,Padma Store,Jakarta,2022-08-27,0,4.35,olahraga,10.7,active
padmi-official-8816,Padmi Official,Bandung,2023-12-08,0,5.0,elektronik,13.1,active
paiman-mart-1399,Paiman Mart,Semarang,2019-07-21,1,4.46,elektronik,5.6,active
paiman-official-5577,Paiman Official,Tangerang,2024-01-27,0,3.66,fashion,6.5,active
paiman-store-4810,Paiman Store,Bandung,2021-07-24,1,4.19,kesehatan,9.5,active
panca-store-3644,Panca Store,Medan,2023-08-14,0,3.96,grocery,2.0,suspended
pangestu-store-8693,Pangestu Store,Denpasar,2022-11-08,0,4.94,kesehatan,1.4,active
pardi-grosir-4006,Pardi Grosir,Tangerang,2020-11-12,0,4.91,fashion,4.3,active
pardi-official-8092,Pardi Official,Surabaya,2022-07-01,0,4.96,fashion,8.2,inactive
paulin-shop-7103,Paulin Shop,Tangerang,2024-09-29,0,3.81,grocery,7.2,active
paulin-store-8714,Paulin Store,Jakarta,2023-10-26,0,4.19,fashion,0.4,active
prabawa-official-3928,Prabawa Official,Bandung,2020-01-29,0,4.58,elektronik,2.1,active
prabu-mart-2168,Prabu Mart,Denpasar,2020-07-09,0,4.3,fashion,2.1,active
prabu-mart-9031,Prabu Mart,Bandung,2020-06-10,0,4.42,elektronik,6.8,active
prakosa-grosir-2164,Prakosa Grosir,Semarang,2021-03-15,0,4.44,fashion,8.3,active
pranawa-grosir-4568,Pranawa Grosir,Bandung,2022-08-20,0,4.25,grocery,0.6,active
pranawa-grosir-6152,Pranawa Grosir,Jakarta,2020-01-26,0,4.66,elektronik,5.3,active
prayoga-house-8828,Prayoga House,Semarang,2022-03-19,0,4.54,elektronik,2.7,active
prayoga-store-8413,Prayoga Store,Yogyakarta,2019-11-05,0,4.34,olahraga,3.5,suspended
prayogo-id-4543,Prayogo .id,Jakarta,2024-07-13,0,4.52,kesehatan,2.3,active
puji-official-9811,Puji Official,Surabaya,2021-04-24,0,3.47,grocery,4.2,active
purwa-official-2653,Purwa Official,Jakarta,2021-05-03,0,5.0,fashion,5.3,inactive
puti-store-1777,Puti Store,Surabaya,2021-10-12,0,4.34,fashion,4.8,active
putri-boutique-3567,Putri Boutique,Jakarta,2020-11-10,0,4.58,fashion,6.4,active
putri-house-4155,Putri House,Medan,2023-01-07,0,4.28,olahraga,5.0,active
putu-9860,Putu,Denpasar,2024-07-06,0,4.4,fashion,4.2,active
qori-official-7732,Qori Official,Bandung,2024-02-11,0,4.78,grocery,2.7,active
qori-official-8486,Qori Official,Surabaya,2019-06-16,0,4.66,grocery,2.2,active
queen-official-8474,Queen Official,Surabaya,2020-11-22,0,3.96,kesehatan,8.6,active
rafid-mart-7299,Rafid Mart,Jakarta,2021-06-26,0,4.18,elektronik,5.5,active
rafid-official-2382,Rafid Official,Surabaya,2024-08-25,0,4.01,kesehatan,3.8,active
rahman-id-3687,Rahman .id,Bandung,2020-12-02,0,4.64,fashion,6.8,active
rahmi-boutique-9738,Rahmi Boutique,Surabaya,2021-05-26,0,4.14,kesehatan,0.2,active
rahmi-id-9859,Rahmi .id,Jakarta,2022-12-11,0,4.66,fashion,9.4,active
rahmi-store-2762,Rahmi Store,Jakarta,2020-06-01,0,4.51,olahraga,6.0,active
raihan-official-6357,Raihan Official,Semarang,2021-03-25,0,4.35,elektronik,2.7,active
raihan-store-4288,Raihan Store,Medan,2020-09-07,0,4.61,elektronik,2.3,active
raina-gallery-5908,Raina Gallery,Bandung,2021-07-30,0,4.35,olahraga,4.5,active
raina-store-4430,Raina Store,Semarang,2021-11-07,1,3.96,elektronik,6.4,active
rama-official-1609,Rama Official,Medan,2020-03-21,0,4.54,elektronik,2.4,active
ranting-8751,Ranting,Tangerang,2020-07-01,1,4.98,fashion,6.7,active
ranting-apparel-grosir-5495,Ranting Apparel Grosir,Jakarta,2024-06-25,0,4.93,fashion,3.2,active
ranting-fashion-id-3596,Ranting Fashion .id,Semarang,2024-10-31,0,4.27,fashion,4.3,active
ranting-gadget-4795,Ranting Gadget,Jakarta,2023-03-09,0,4.4,elektronik,3.7,inactive
ranting-gallery-1017,Ranting Gallery,Surabaya,2024-02-12,0,4.35,fashion,4.0,active
ranting-gallery-2151,Ranting Gallery,Yogyakarta,2021-06-03,0,4.33,fashion,8.5,active
ranting-home-boutique-7058,Ranting Home Boutique,Jakarta,2024-08-03,0,5.0,perabotan,4.2,active
ranting-home-boutique-9437,Ranting Home Boutique,Bandung,2022-09-20,0,4.66,fashion,2.0,active
ranting-home-mart-4924,Ranting Home Mart,Yogyakarta,2021-10-08,0,3.75,perabotan,4.9,inactive
ranting-mart-1470,Ranting Mart,Semarang,2021-05-30,0,4.44,kesehatan,3.0,active
ranting-mart-store-7837,Ranting Mart Store,Jakarta,2022-02-25,0,4.04,grocery,1.8,active
ranting-outfit-shop-6705,Ranting Outfit Shop,Jakarta,2021-01-16,0,4.72,fashion,3.8,active
ranting-pangan-gallery-9687,Ranting Pangan Gallery,Surabaya,2022-11-25,0,4.35,grocery,8.7,active
ranting-shop-9850,Ranting Shop,Yogyakarta,2023-03-10,0,3.87,fashion,1.6,active
ranting-shop-grosir-6885,Ranting Shop Grosir,Bandung,2021-05-15,0,4.34,lainnya,6.7,active
ranting-store-1744,Ranting Store,Surabaya,2023-04-10,0,4.33,olahraga,8.2,active
ranting-store-2374,Ranting Store,Surabaya,2019-11-29,1,4.65,kesehatan,3.4,active
ranting-store-2593,Ranting Store,Jakarta,2022-04-23,0,4.16,perabotan,5.8,active
ranting-store-5856,Ranting Store,Medan,2024-12-28,0,5.0,grocery,0.7,active
ranting-store-9202,Ranting Store,Jakarta,2023-07-25,0,4.08,kesehatan,9.5,active
ranting-store-9589,Ranting Store,Medan,2021-10-30,0,4.44,fashion,2.1,active
ranting-tech-mart-7609,Ranting Tech Mart,Jakarta,2020-07-22,0,5.0,elektronik,3.3,active
ranting-tech-store-9404,Ranting Tech Store,Surabaya,2023-05-19,0,4.19,elektronik,4.6,inactive
ranting-wellness-id-7848,Ranting Wellness .id,Semarang,2020-04-04,0,4.39,kesehatan,0.6,active
rasa-grosir-4712,Rasa Grosir,Bandung,2021-11-16,0,3.97,elektronik,6.6,active
rasa-grosir-5073,Rasa Grosir,Bandung,2024-03-21,0,4.67,perabotan,7.4,active
rasa-house-4765,Rasa House,Surabaya,2022-04-08,0,4.06,grocery,3.7,active
rasa-id-2657,Rasa .id,Medan,2022-09-07,1,5.0,fashion,5.8,active
rasa-id-6149,Rasa .id,Medan,2020-02-01,0,4.1,elektronik,8.2,active
rasa-official-1355,Rasa Official,Jakarta,2020-02-25,0,4.08,kesehatan,8.2,active
rasa-outfit-mart-6036,Rasa Outfit Mart,Jakarta,2019-05-08,0,4.67,fashion,3.5,active
rasa-shop-3711,Rasa Shop,Jakarta,2020-01-01,0,3.87,fashion,2.6,active
rasa-shop-4477,Rasa Shop,Jakarta,2019-02-18,0,4.73,fashion,5.8,active
rasa-shop-6364,Rasa Shop,Jakarta,2020-12-06,0,3.85,olahraga,4.6,active
rasa-shop-8570,Rasa Shop,Jakarta,2023-10-29,0,4.55,grocery,4.3,active
rasa-store-4152,Rasa Store,Bandung,2019-08-04,0,4.8,lainnya,1.2,active
rasa-store-boutique-2155,Rasa Store Boutique,Semarang,2022-04-11,0,4.15,lainnya,5.4,active
rasa-tech-shop-4545,Rasa Tech Shop,Tangerang,2024-12-29,0,4.6,elektronik,2.6,active
rasa-wear-official-2554,Rasa Wear Official,Jakarta,2024-07-11,0,4.75,fashion,0.6,active
rasa-wear-official-8462,Rasa Wear Official,Surabaya,2024-04-10,0,4.31,fashion,9.3,active
ratih-id-8770,Ratih .id,Jakarta,2022-12-06,0,4.26,kesehatan,5.9,active
reksa-boutique-4487,Reksa Boutique,Medan,2020-02-27,0,4.69,grocery,2.9,active
reksa-gallery-2551,Reksa Gallery,Semarang,2024-12-19,0,4.36,fashion,218.4,active
respati-house-1357,Respati House,Jakarta,2023-05-25,0,4.59,grocery,6.2,active
reza-official-3389,Reza Official,Medan,2022-09-08,0,4.67,kesehatan,8.1,active
ridwan-6545,Ridwan,Semarang,2019-11-12,0,3.76,elektronik,13.7,active
rimba-boutique-8243,Rimba Boutique,Surabaya,2020-08-27,0,3.65,fashion,5.0,active
rimba-farma-mart-8000,Rimba Farma Mart,Bandung,2022-09-29,0,4.65,kesehatan,6.5,active
rimba-fashion-official-3975,Rimba Fashion Official,Jakarta,2022-04-02,0,4.75,fashion,0.9,active
rimba-fashion-store-8536,Rimba Fashion Store,Bandung,2022-06-10,0,4.92,fashion,12.4,active
rimba-fitness-shop-5547,Rimba Fitness Shop,Surabaya,2019-02-16,0,4.16,olahraga,4.8,active
rimba-gadget-shop-7818,Rimba Gadget Shop,Jakarta,2019-09-04,0,5.0,elektronik,2.4,active
rimba-grosir-2431,Rimba Grosir,Jakarta,2022-09-27,1,4.96,lainnya,3.4,active
rimba-home-official-1314,Rimba Home Official,Bandung,2022-10-28,0,4.54,perabotan,3.9,active
rimba-id-4766,Rimba .id,Medan,2022-12-09,0,4.68,lainnya,2.6,active
rimba-mart-1702,Rimba Mart,Bandung,2024-12-19,0,4.13,perabotan,11.5,active
rimba-mart-6298,Rimba Mart,Jakarta,2022-03-12,0,4.51,perabotan,6.3,active
rimba-mart-store-2403,Rimba Mart Store,Medan,2024-07-11,0,1.14,grocery,0.4,active
rimba-pangan-store-5418,Rimba Pangan Store,Bandung,2019-02-20,0,4.49,grocery,10.4,active
rimba-sport-store-8266,Rimba Sport Store,Jakarta,2021-10-06,0,5.0,olahraga,8.4,active
rimba-store-2205,Rimba Store,Bandung,2022-11-02,0,4.5,elektronik,3.9,active
rimba-store-4893,Rimba Store,Jakarta,2023-08-05,0,3.87,elektronik,9.6,inactive
rimba-store-5479,Rimba Store,Semarang,2024-06-28,1,4.22,fashion,5.5,active
rimba-wear-house-9370,Rimba Wear House,Bandung,2021-11-21,0,4.65,fashion,3.3,active
rusman-2224,Rusman,Jakarta,2024-03-23,0,4.51,lainnya,12.9,active
rusman-shop-9399,Rusman Shop,Tangerang,2020-10-04,1,3.97,lainnya,7.3,active
saadat-id-6560,Saadat .id,Tangerang,2023-07-29,1,4.1,elektronik,8.6,active
saadat-shop-3240,Saadat Shop,Jakarta,2019-05-30,0,4.39,grocery,3.6,active
sabrina-official-9240,Sabrina Official,Jakarta,2023-08-26,0,3.99,lainnya,2.0,active
sabrina-store-6882,Sabrina Store,Surabaya,2019-11-27,0,4.45,fashion,4.1,active
saka-house-6286,Saka House,Semarang,2020-03-04,0,3.97,perabotan,8.3,active
sakura-3195,Sakura,Bandung,2024-01-02,0,4.58,grocery,4.9,active
sakura-apparel-store-2251,Sakura Apparel Store,Semarang,2024-05-18,1,4.28,fashion,5.1,active
sakura-fashion-official-6477,Sakura Fashion Official,Medan,2022-05-09,0,4.49,fashion,2.8,suspended
sakura-fitness-shop-8026,Sakura Fitness Shop,Jakarta,2022-05-11,0,3.96,olahraga,3.0,active
sakura-grosir-8069,Sakura Grosir,Tangerang,2020-12-20,0,4.07,fashion,4.4,active
sakura-health-grosir-9041,Sakura Health Grosir,Jakarta,2022-04-24,0,4.52,kesehatan,11.0,active
sakura-health-official-3077,Sakura Health Official,Surabaya,2022-11-01,0,4.6,kesehatan,8.6,suspended
sakura-id-4461,Sakura .id,Tangerang,2019-03-30,1,4.75,fashion,4.9,active
sakura-official-3805,Sakura Official,Yogyakarta,2022-02-24,0,4.14,lainnya,3.0,active
sakura-shop-1317,Sakura Shop,Jakarta,2022-05-24,0,3.95,olahraga,9.8,active
sakura-shop-store-3656,Sakura Shop Store,Bandung,2023-01-04,0,4.88,lainnya,3.9,active
sakura-shop-store-5897,Sakura Shop Store,Bandung,2019-08-08,0,4.21,lainnya,3.9,active
sakura-sport-boutique-3775,Sakura Sport Boutique,Bandung,2024-03-09,0,4.17,olahraga,2.3,active
sakura-store-4596,Sakura Store,Medan,2019-04-23,0,4.64,perabotan,5.9,active
sakura-store-5491,Sakura Store,Jakarta,2022-10-14,0,4.5,lainnya,236.0,inactive
sakura-tech-official-1777,Sakura Tech Official,Medan,2023-07-31,0,4.65,elektronik,8.6,active
sakura-wellness-official-3561,Sakura Wellness Official,Semarang,2022-12-19,1,4.31,kesehatan,1.6,active
samiah-grosir-8265,Samiah Grosir,Jakarta,2022-01-25,0,3.94,kesehatan,4.1,active
samsul-house-8831,Samsul House,Jakarta,2019-02-09,0,4.36,fashion,10.6,active
sarah-store-2024,Sarah Store,Surabaya,2024-02-18,1,4.43,fashion,3.5,active
sarah-store-6937,Sarah Store,Semarang,2022-08-28,0,4.61,fashion,2.7,active
satya-store-3498,Satya Store,Tangerang,2020-09-24,0,4.48,kesehatan,1.0,active
septi-gallery-4445,Septi Gallery,Jakarta,2021-10-28,0,4.22,elektronik,4.2,active
septi-official-2596,Septi Official,Jakarta,2023-02-28,0,4.01,kesehatan,3.5,suspended
serumpun-9237,Serumpun,Semarang,2022-10-03,1,4.46,elektronik,1.6,active
serumpun-farma-official-9968,Serumpun Farma Official,Jakarta,2023-09-12,1,4.22,kesehatan,9.9,active
serumpun-house-2678,Serumpun House,Semarang,2021-07-24,0,4.24,elektronik,1.0,active
serumpun-house-9238,Serumpun House,Bandung,2024-01-21,0,4.78,kesehatan,4.3,active
serumpun-id-2128,Serumpun .id,Jakarta,2024-06-05,0,4.34,elektronik,1.5,active
serumpun-id-3784,Serumpun .id,Jakarta,2021-09-15,0,4.28,grocery,3.5,suspended
serumpun-official-8025,Serumpun Official,Jakarta,2019-01-07,0,5.0,grocery,2.6,active
serumpun-official-8816,Serumpun Official,Denpasar,2020-04-12,1,4.49,olahraga,2.3,active
serumpun-pangan-store-7141,Serumpun Pangan Store,Yogyakarta,2021-03-08,0,4.34,grocery,5.9,active
serumpun-shop-8586,Serumpun Shop,Bandung,2020-05-07,0,4.31,grocery,3.2,active
shania-shop-6451,Shania Shop,Jakarta,2021-10-13,0,4.37,elektronik,2.5,active
slamet-official-4696,Slamet Official,Semarang,2022-04-12,0,4.62,elektronik,1.9,active
solace-apparel-store-7745,Solace Apparel Store,Jakarta,2019-01-01,0,4.37,fashion,7.2,active
solace-boutique-2111,Solace Boutique,Surabaya,2024-02-29,0,3.99,perabotan,3.3,active
solace-elektronik-gallery-5575,Solace Elektronik Gallery,Bandung,2021-03-19,0,4.74,elektronik,11.9,active
solace-farma-boutique-4926,Solace Farma Boutique,Jakarta,2024-01-21,0,4.63,kesehatan,7.2,active
solace-gadget-8526,Solace Gadget,Jakarta,2022-11-17,0,4.7,elektronik,8.3,active
solace-gallery-6774,Solace Gallery,Medan,2019-06-20,0,4.35,fashion,11.6,active
solace-gallery-9499,Solace Gallery,Bandung,2024-05-19,0,4.51,fashion,2.3,active
solace-grosir-1591,Solace Grosir,Jakarta,2019-01-27,0,3.68,fashion,5.4,suspended
solace-house-8000,Solace House,Medan,2022-12-13,0,4.33,lainnya,8.7,active
solace-house-9671,Solace House,Bandung,2020-06-15,0,4.43,elektronik,6.8,active
solace-mart-7611,Solace Mart,Jakarta,2024-09-19,0,4.36,elektronik,1.7,active
solace-mart-9105,Solace Mart,Bandung,2020-04-24,0,4.24,elektronik,1.7,active
solace-mart-9284,Solace Mart,Bandung,2024-09-10,0,4.16,fashion,8.9,active
solace-official-5630,Solace Official,Jakarta,2024-01-01,0,3.95,fashion,1.2,active
solace-official-7115,Solace Official,Semarang,2023-06-10,0,3.91,perabotan,2.2,active
solace-store-3512,Solace Store,Jakarta,2019-12-31,0,4.37,fashion,8.7,active
solace-wellness-8100,Solace Wellness,Jakarta,2020-10-03,0,4.43,kesehatan,0.1,suspended
solace-wellness-id-7116,Solace Wellness .id,Surabaya,2023-11-11,0,4.67,kesehatan,4.7,active
soleh-id-4018,Soleh .id,Semarang,2023-11-17,0,2.4,kesehatan,6.1,active
surya-official-8974,Surya Official,Bandung,2019-08-17,0,4.85,olahraga,11.9,active
suryani-6704,Suryani,Jakarta,2024-02-03,0,4.46,fashion,3.3,active
suryani-apparel-store-1743,Suryani Apparel Store,Tangerang,2024-09-29,0,3.87,fashion,5.0,active
suryani-fashion-official-7305,Suryani Fashion Official,Jakarta,2023-09-15,0,4.77,fashion,8.3,active
suryani-gadget-id-8654,Suryani Gadget .id,Tangerang,2024-10-12,0,4.31,elektronik,1.6,active
suryani-grosir-6215,Suryani Grosir,Bandung,2022-07-14,1,4.44,kesehatan,3.6,active
suryani-house-3212,Suryani House,Semarang,2019-05-17,0,4.59,grocery,2.6,active
suryani-house-8598,Suryani House,Tangerang,2023-01-30,0,4.72,lainnya,2.2,active
suryani-id-4524,Suryani .id,Semarang,2019-02-05,0,3.82,elektronik,2.2,active
suryani-mart-2459,Suryani Mart,Denpasar,2021-03-18,0,4.55,perabotan,3.9,active
suryani-official-8932,Suryani Official,Bandung,2022-08-02,0,4.92,kesehatan,17.9,active
suryani-shop-8363,Suryani Shop,Semarang,2019-07-06,0,4.52,perabotan,11.4,active
suryani-shop-shop-8724,Suryani Shop Shop,Surabaya,2023-02-25,0,4.51,lainnya,0.9,active
suryani-store-4701,Suryani Store,Medan,2023-07-02,0,4.59,grocery,9.7,active
suryani-tech-official-3006,Suryani Tech Official,Jakarta,2023-07-30,0,4.52,elektronik,2.8,active
suryani-wear-id-3128,Suryani Wear .id,Denpasar,2019-02-10,1,4.56,fashion,5.9,active
talia-boutique-3116,Talia Boutique,Jakarta,2021-03-25,0,4.45,lainnya,2.2,active
talia-house-9642,Talia House,Bandung,2022-04-27,0,3.91,perabotan,1.1,active
tania-id-1169,Tania .id,Bandung,2020-08-11,0,4.37,fashion,7.3,active
tania-id-4572,Tania .id,Tangerang,2024-02-03,1,4.41,elektronik,2.6,active
tantri-official-6424,Tantri Official,Yogyakarta,2024-01-09,0,4.01,fashion,2.7,active
tantri-shop-6035,Tantri Shop,Medan,2020-12-06,0,3.91,lainnya,4.9,active
tari-mart-1802,Tari Mart,Medan,2021-02-09,0,4.81,kesehatan,4.2,active
tari-store-3479,Tari Store,Yogyakarta,2020-01-01,0,4.63,perabotan,5.8,active
tasdik-id-4483,Tasdik .id,Jakarta,2019-07-08,0,4.18,kesehatan,10.2,active
taufik-grosir-2265,Taufik Grosir,Jakarta,2023-02-05,0,4.26,fashion,3.8,active
taufik-grosir-2800,Taufik Grosir,Jakarta,2022-04-30,0,4.57,elektronik,6.7,active
tedi-id-9777,Tedi .id,Jakarta,2023-08-19,0,4.63,fashion,6.9,active
tenun-boutique-8376,Tenun Boutique,Tangerang,2023-10-04,0,4.02,fashion,9.3,active
tenun-gallery-4233,Tenun Gallery,Yogyakarta,2022-04-22,0,4.53,perabotan,3.9,active
tenun-gallery-5031,Tenun Gallery,Jakarta,2021-01-10,0,4.71,grocery,0.6,active
tenun-health-mart-2093,Tenun Health Mart,Bandung,2023-06-28,0,4.85,kesehatan,7.2,active
tenun-health-mart-2267,Tenun Health Mart,Jakarta,2021-03-08,0,4.16,kesehatan,1.2,active
tenun-health-official-8738,Tenun Health Official,Denpasar,2023-01-20,0,4.57,kesehatan,5.9,active
tenun-house-1102,Tenun House,Jakarta,2024-02-23,0,4.63,elektronik,4.4,active
tenun-house-1861,Tenun House,Semarang,2021-07-02,0,5.0,perabotan,4.0,active
tenun-mart-7342,Tenun Mart,Tangerang,2019-10-25,0,4.77,elektronik,2.7,active
tenun-mart-shop-6334,Tenun Mart Shop,Tangerang,2021-05-23,0,4.19,grocery,1.8,suspended
tenun-shop-6687,Tenun Shop,Jakarta,2023-02-05,0,4.78,grocery,6.2,active
tenun-store-1717,Tenun Store,Semarang,2024-12-06,0,4.23,grocery,4.7,active
timbul-official-7517,Timbul Official,Surabaya,2019-02-23,0,4.41,fashion,17.1,active
tina-shop-5573,Tina Shop,Surabaya,2024-05-30,0,4.34,fashion,2.6,active
tirta-boutique-8998,Tirta Boutique,Semarang,2021-08-10,0,3.91,elektronik,6.3,active
tirta-fashion-official-9440,Tirta Fashion Official,Tangerang,2024-06-13,0,4.34,fashion,0.8,active
tirta-health-shop-3166,Tirta Health Shop,Medan,2023-12-14,0,4.27,kesehatan,3.2,active
tirta-health-shop-3170,Tirta Health Shop,Medan,2019-03-25,0,4.08,kesehatan,7.2,active
tirta-official-2347,Tirta Official,Surabaya,2021-02-01,0,4.38,perabotan,2.6,active
tirta-official-2818,Tirta Official,Jakarta,2022-05-03,0,4.21,kesehatan,6.3,active
tirta-official-5750,Tirta Official,Bandung,2022-10-10,0,4.09,grocery,3.7,active
tirta-official-9840,Tirta Official,Jakarta,2021-12-11,0,4.62,kesehatan,6.8,active
tirta-outfit-shop-1819,Tirta Outfit Shop,Semarang,2023-06-03,0,4.11,fashion,9.5,active
tirta-shop-8409,Tirta Shop,Yogyakarta,2019-01-02,1,4.11,elektronik,6.2,active
tirta-store-5785,Tirta Store,Jakarta,2024-03-19,0,4.82,fashion,2.3,active
tirta-store-7342,Tirta Store,Surabaya,2020-09-03,0,4.34,lainnya,1.1,active
tirta-store-7554,Tirta Store,Jakarta,2023-07-03,0,4.26,perabotan,1.5,active
tirta-store-9397,Tirta Store,Jakarta,2024-03-31,0,4.78,elektronik,6.6,inactive
tirta-store-house-2007,Tirta Store House,Surabaya,2024-08-07,0,4.47,lainnya,3.8,active
tirta-tech-official-2284,Tirta Tech Official,Tangerang,2019-09-17,0,4.3,elektronik,0.3,active
tirta-tech-store-2186,Tirta Tech Store,Medan,2024-08-08,1,4.93,elektronik,1.7,active
tirtayasa-shop-1026,Tirtayasa Shop,Surabaya,2024-12-12,0,4.47,fashion,1.4,active
titi-boutique-1071,Titi Boutique,Tangerang,2022-09-30,0,4.48,olahraga,1.8,active
titi-boutique-5536,Titi Boutique,Bandung,2021-12-01,0,4.62,elektronik,5.7,inactive
titi-store-8067,Titi Store,Yogyakarta,2020-06-15,0,4.43,grocery,2.8,active
titin-official-5877,Titin Official,Surabaya,2020-09-18,0,4.68,fashion,2.6,active
tomi-gallery-3864,Tomi Gallery,Surabaya,2020-04-22,0,4.63,lainnya,2.3,active
tomi-mart-5107,Tomi Mart,Jakarta,2020-07-30,0,4.47,lainnya,1.6,active
tomi-official-7910,Tomi Official,Bandung,2019-02-02,0,4.34,fashion,2.1,active
tugiman-store-9120,Tugiman Store,Jakarta,2022-12-19,0,4.31,fashion,3.3,active
uchita-id-7708,Uchita .id,Jakarta,2022-07-04,0,4.99,fashion,5.8,active
uda-store-7027,Uda Store,Bandung,2020-05-12,0,4.18,elektronik,5.1,active
uli-house-6619,Uli House,Denpasar,2023-10-29,1,3.91,olahraga,2.1,active
uli-shop-7266,Uli Shop,Denpasar,2022-10-26,0,3.97,elektronik,1.3,active
ulya-id-5242,Ulya .id,Denpasar,2019-09-16,0,4.08,kesehatan,1.4,active
umar-official-7337,Umar Official,Jakarta,2022-01-15,0,4.58,kesehatan,4.9,active
umaya-store-5372,Umaya Store,Surabaya,2024-07-19,0,3.78,kesehatan,2.5,active
umaya-store-5454,Umaya Store,Yogyakarta,2019-07-05,0,3.79,elektronik,5.9,active
umaya-store-9647,Umaya Store,Jakarta,2022-02-05,1,4.27,fashion,0.4,active
unggul-grosir-5269,Unggul Grosir,Bandung,2024-04-05,0,4.73,perabotan,7.6,active
unggul-grosir-7189,Unggul Grosir,Denpasar,2024-09-15,0,4.5,perabotan,1.0,active
usman-shop-6257,Usman Shop,Surabaya,2023-10-19,0,4.36,grocery,2.3,active
usman-store-3833,Usman Store,Tangerang,2020-12-05,0,3.78,elektronik,2.2,inactive
usyi-official-2989,Usyi Official,Jakarta,2021-04-22,0,5.0,fashion,4.5,inactive
usyi-official-3682,Usyi Official,Semarang,2023-03-24,0,4.62,fashion,4.0,active
verde-4869,Verde,Jakarta,2023-07-18,0,4.18,perabotan,1.8,active
verde-gadget-store-6110,Verde Gadget Store,Semarang,2022-10-27,0,4.21,elektronik,8.3,active
verde-grosir-id-8306,Verde Grosir .id,Jakarta,2020-02-03,0,4.11,grocery,1.8,active
verde-house-3861,Verde House,Jakarta,2023-05-23,0,3.97,elektronik,14.3,active
verde-id-1832,Verde .id,Medan,2024-06-01,0,4.2,kesehatan,1.7,active
verde-id-5764,Verde .id,Bandung,2022-03-22,0,4.5,elektronik,1.9,active
verde-mart-1583,Verde Mart,Bandung,2021-05-13,0,4.46,grocery,9.0,active
verde-mart-8556,Verde Mart,Surabaya,2020-10-15,0,3.71,fashion,6.8,active
verde-mart-store-9308,Verde Mart Store,Semarang,2024-12-08,0,4.63,grocery,8.2,active
verde-official-2009,Verde Official,Tangerang,2020-02-20,0,4.44,olahraga,7.4,active
verde-official-2306,Verde Official,Jakarta,2024-06-13,1,4.48,grocery,3.6,active
verde-official-3327,Verde Official,Surabaya,2022-03-11,0,4.12,olahraga,1.5,active
verde-wear-official-4823,Verde Wear Official,Jakarta,2024-02-06,0,3.81,fashion,6.1,active
verde-wellness-official-1768,Verde Wellness Official,Bandung,2024-06-01,1,5.0,perabotan,2.6,active
verde-wellness-official-2769,Verde Wellness Official,Medan,2021-05-05,1,4.2,kesehatan,6.7,active
vero-official-2501,Vero Official,Jakarta,2022-06-26,0,4.04,fashion,1.0,suspended
vero-store-9059,Vero Store,Jakarta,2022-08-15,1,4.41,perabotan,2.6,active
vero-store-9326,Vero Store,Medan,2019-06-20,0,4.42,olahraga,151.3,active
vicky-boutique-2278,Vicky Boutique,Medan,2022-03-02,0,3.93,olahraga,3.0,active
vicky-boutique-8377,Vicky Boutique,Bandung,2024-02-01,1,3.64,kesehatan,6.2,active
vicky-grosir-4039,Vicky Grosir,Semarang,2022-08-10,0,4.21,elektronik,0.9,active
victoria-7687,Victoria,Tangerang,2023-05-20,0,4.63,grocery,5.4,active
victoria-shop-7892,Victoria Shop,Jakarta,2021-01-27,0,4.32,fashion,1.0,active
viman-id-2764,Viman .id,Yogyakarta,2020-06-11,0,4.61,fashion,2.7,suspended
vino-shop-7109,Vino Shop,Semarang,2023-02-21,0,4.23,fashion,4.7,active
wadi-official-7215,Wadi Official,Jakarta,2019-04-03,0,4.89,elektronik,0.5,active
wakiman-grosir-6409,Wakiman Grosir,Medan,2023-08-27,0,4.6,elektronik,4.7,active
wangsa-apparel-gallery-2820,Wangsa Apparel Gallery,Tangerang,2023-08-30,0,4.79,fashion,8.4,active
wangsa-furnitur-store-3853,Wangsa Furnitur Store,Jakarta,2020-08-08,0,4.65,perabotan,7.6,active
wangsa-gadget-id-7618,Wangsa Gadget .id,Bandung,2019-10-31,1,4.23,elektronik,3.8,active
wangsa-id-6140,Wangsa .id,Medan,2021-04-02,0,1.76,fashion,9.5,active
wangsa-official-6423,Wangsa Official,Surabaya,2020-02-23,1,4.74,perabotan,6.0,active
wangsa-official-7561,Wangsa Official,Medan,2023-04-18,0,4.59,grocery,4.9,active
wangsa-outfit-id-1136,Wangsa Outfit .id,Tangerang,2023-06-17,0,4.14,grocery,1.6,active
wangsa-outfit-id-2806,Wangsa Outfit .id,Jakarta,2022-06-02,0,4.0,fashion,3.8,active
wangsa-outfit-official-8572,Wangsa Outfit Official,Bandung,2019-02-23,0,4.38,fashion,1.3,active
wangsa-pangan-official-3300,Wangsa Pangan Official,Medan,2023-05-18,0,4.34,grocery,3.1,active
wangsa-pangan-shop-9606,Wangsa Pangan Shop,Jakarta,2023-09-18,0,4.55,grocery,1.4,active
wangsa-shop-6911,Wangsa Shop,Jakarta,2019-07-10,0,4.06,fashion,4.6,active
wangsa-tech-id-5382,Wangsa Tech .id,Surabaya,2024-08-19,0,4.09,elektronik,6.3,active
wangsa-tech-id-5464,Wangsa Tech .id,Medan,2022-03-09,1,4.11,elektronik,2.3,active
wangsa-tech-mart-1936,Wangsa Tech Mart,Jakarta,2023-10-14,0,4.84,elektronik,2.8,active
wani-shop-2874,Wani Shop,Jakarta,2021-03-18,1,4.98,fashion,10.5,active
wani-store-5876,Wani Store,Jakarta,2020-10-12,0,4.61,elektronik,8.9,active
wardaya-store-1263,Wardaya Store,Surabaya,2023-11-17,0,4.54,perabotan,5.6,active
wardi-store-4597,Wardi Store,Surabaya,2023-08-12,0,4.29,fashion,1.8,active
warji-mart-2811,Warji Mart,Yogyakarta,2019-07-12,1,4.42,grocery,5.6,active
warji-store-8757,Warji Store,Tangerang,2022-12-27,0,3.81,grocery,226.4,active
warna-elektronik-store-9217,Warna Elektronik Store,Medan,2023-09-28,0,3.99,elektronik,1.8,active
warna-fitness-boutique-4577,Warna Fitness Boutique,Jakarta,2022-01-28,0,4.61,olahraga,3.0,active
warna-fitness-house-4857,Warna Fitness House,Jakarta,2019-03-21,0,4.59,olahraga,2.4,active
warna-furnitur-boutique-2832,Warna Furnitur Boutique,Jakarta,2019-07-06,0,4.46,perabotan,3.9,active
warna-gadget-official-8136,Warna Gadget Official,Surabaya,2019-08-29,0,4.35,elektronik,1.9,active
warna-house-5760,Warna House,Medan,2022-08-08,0,3.97,perabotan,10.9,active
warna-mart-1130,Warna Mart,Denpasar,2023-11-24,0,4.42,elektronik,3.0,active
warna-official-4164,Warna Official,Jakarta,2024-01-21,0,3.88,fashion,7.7,active
warna-official-6877,Warna Official,Surabaya,2022-03-28,0,4.37,elektronik,3.8,active
warna-official-7264,Warna Official,Bandung,2020-04-13,0,3.96,lainnya,7.7,active
warna-shop-2844,Warna Shop,Medan,2023-10-10,0,4.47,fashion,3.2,active
warna-shop-4205,Warna Shop,Surabaya,2019-09-16,0,4.61,fashion,11.1,active
warna-shop-6888,Warna Shop,Jakarta,2021-09-30,0,4.49,kesehatan,3.2,suspended
warna-shop-official-8956,Warna Shop Official,Jakarta,2021-01-22,0,4.31,lainnya,5.7,active
warna-store-1438,Warna Store,Semarang,2022-01-19,0,4.15,lainnya,9.6,active
warna-store-3407,Warna Store,Bandung,2022-05-18,0,4.62,elektronik,2.0,active
warna-store-4652,Warna Store,Jakarta,2023-08-10,0,4.73,perabotan,4.0,active
warna-store-7983,Warna Store,Jakarta,2023-04-13,0,4.49,perabotan,11.1,active
warna-wear-mart-5167,Warna Wear Mart,Yogyakarta,2020-02-12,0,4.39,fashion,2.3,active
warsa-store-9281,Warsa Store,Jakarta,2023-02-14,0,4.9,grocery,2.9,active
wasis-store-5437,Wasis Store,Tangerang,2020-10-18,0,3.97,grocery,6.1,active
wawan-mart-1512,Wawan Mart,Denpasar,2023-02-24,0,4.24,lainnya,6.2,active
widya-house-8070,Widya House,Bandung,2024-08-24,1,4.31,elektronik,1.6,active
winda-official-3480,Winda Official,Yogyakarta,2023-08-19,0,4.22,grocery,6.9,active
winda-shop-5009,Winda Shop,Surabaya,2022-07-25,0,5.0,elektronik,4.1,active
wira-store-3381,Wira Store,Jakarta,2019-04-13,0,4.77,elektronik,4.6,suspended
wirda-shop-1252,Wirda Shop,Medan,2024-05-04,0,3.96,grocery,1.8,active
wisesa-apparel-official-9662,Wisesa Apparel Official,Denpasar,2022-05-13,0,4.13,fashion,1.3,active
wisesa-boutique-7436,Wisesa Boutique,Jakarta,2022-01-29,0,4.57,lainnya,18.2,active
wisesa-elektronik-id-8444,Wisesa Elektronik .id,Jakarta,2024-08-26,0,4.2,elektronik,2.2,suspended
wisesa-elektronik-store-3785,Wisesa Elektronik Store,Jakarta,2021-07-29,0,4.73,elektronik,4.7,active
wisesa-fashion-mart-7918,Wisesa Fashion Mart,Jakarta,2023-09-14,0,4.0,fashion,5.6,active
wisesa-fashion-store-1002,Wisesa Fashion Store,Denpasar,2021-11-05,0,4.16,fashion,9.9,active
wisesa-gallery-2884,Wisesa Gallery,Bandung,2023-04-08,1,4.98,grocery,2.7,inactive
wisesa-home-mart-7532,Wisesa Home Mart,Jakarta,2021-10-15,0,4.89,perabotan,2.5,active
wisesa-home-shop-8447,Wisesa Home Shop,Semarang,2021-02-23,0,4.55,perabotan,4.2,active
wisesa-id-1050,Wisesa .id,Semarang,2021-10-30,0,4.92,elektronik,5.8,active
wisesa-official-1075,Wisesa Official,Denpasar,2020-02-24,0,4.21,lainnya,3.2,active
wisesa-official-6990,Wisesa Official,Yogyakarta,2022-07-21,0,4.28,kesehatan,2.3,active
wisesa-official-9282,Wisesa Official,Bandung,2019-12-11,0,4.19,grocery,6.7,active
wisesa-shop-house-6016,Wisesa Shop House,Jakarta,2022-07-26,0,4.69,lainnya,2.1,active
wisesa-sport-gallery-1304,Wisesa Sport Gallery,Bandung,2022-03-07,0,4.51,olahraga,10.9,active
wisesa-store-1371,Wisesa Store,Jakarta,2019-03-13,0,4.47,grocery,3.9,active
wisesa-store-2579,Wisesa Store,Surabaya,2021-09-24,0,4.26,kesehatan,6.1,active
wisesa-store-8630,Wisesa Store,Semarang,2020-02-10,0,4.87,lainnya,3.5,active
wisesa-store-9943,Wisesa Store,Bandung,2021-01-03,0,4.64,fashion,8.8,active
wisnu-store-5951,Wisnu Store,Denpasar,2019-11-10,0,4.68,lainnya,0.1,active
yance-5605,Yance,Surabaya,2020-10-04,0,4.83,kesehatan,1.1,active
yani-gallery-4243,Yani Gallery,Bandung,2019-10-22,0,4.85,fashion,0.5,active
yani-house-7755,Yani House,Jakarta,2021-02-04,0,4.05,kesehatan,6.0,active
yessi-official-2256,Yessi Official,Surabaya,2019-02-08,1,4.46,fashion,2.5,active
yoga-id-9090,Yoga .id,Semarang,2021-09-06,0,4.26,grocery,10.4,active
yoga-id-9175,Yoga .id,Surabaya,2021-10-18,0,4.33,fashion,6.6,active
yoga-official-3539,Yoga Official,Bandung,2019-08-18,0,4.74,fashion,2.9,active
yoga-shop-4476,Yoga Shop,Jakarta,2024-02-10,1,4.67,elektronik,9.9,active
yono-shop-3900,Yono Shop,Medan,2019-05-14,0,4.38,lainnya,1.4,active
yono-shop-6787,Yono Shop,Bandung,2024-12-30,0,3.88,kesehatan,3.1,suspended
yono-store-2642,Yono Store,Jakarta,2021-05-22,0,3.92,elektronik,10.6,active
yosef-id-7212,Yosef .id,Yogyakarta,2023-06-24,0,4.95,fashion,2.2,active
yulia-official-7983,Yulia Official,Bandung,2020-06-05,0,4.43,perabotan,7.6,active
yuliana-shop-6620,Yuliana Shop,Jakarta,2023-06-22,0,5.0,kesehatan,2.7,active
yuni-gallery-8115,Yuni Gallery,Medan,2021-11-02,0,3.39,kesehatan,3.2,active
yunita-official-7135,Yunita Official,Jakarta,2019-09-02,0,4.51,kesehatan,1.0,active
zaenab-official-7041,Zaenab Official,Jakarta,2019-01-24,0,4.57,lainnya,9.3,active
zahra-official-4372,Zahra Official,Bandung,2019-07-27,0,4.04,lainnya,6.2,active
zahra-store-9862,Zahra Store,Jakarta,2021-01-01,0,4.41,grocery,6.6,active
zalindra-official-7501,Zalindra Official,Jakarta,2019-07-05,0,4.02,perabotan,2.6,active
zamira-shop-5280,Zamira Shop,Jakarta,2019-04-05,0,5.0,perabotan,2.8,active
zamira-store-5102,Zamira Store,Jakarta,2023-02-22,0,4.18,elektronik,9.7,suspended
zenith-boutique-5385,Zenith Boutique,Jakarta,2024-03-20,0,4.83,grocery,2.1,active
zenith-elektronik-store-8318,Zenith Elektronik Store,Bandung,2019-03-09,0,4.53,elektronik,7.7,active
zenith-gadget-official-2958,Zenith Gadget Official,Jakarta,2024-09-05,0,4.44,elektronik,1.2,suspended
zenith-gallery-1221,Zenith Gallery,Tangerang,2021-07-31,0,4.22,fashion,1.6,active
zenith-health-official-7330,Zenith Health Official,Bandung,2022-08-10,0,3.99,kesehatan,2.6,active
zenith-official-1825,Zenith Official,Bandung,2022-09-19,0,4.2,olahraga,5.0,active
zenith-official-4161,Zenith Official,Jakarta,2020-12-02,0,3.83,fashion,2.4,active
zenith-official-6451,Zenith Official,Jakarta,2022-10-09,0,3.91,fashion,16.4,active
zenith-official-7389,Zenith Official,Jakarta,2022-12-13,0,3.88,fashion,4.3,active
zenith-official-9866,Zenith Official,Yogyakarta,2024-02-01,0,4.95,fashion,12.2,active
zenith-outfit-id-4498,Zenith Outfit .id,Surabaya,2022-08-07,0,3.68,fashion,132.5,inactive
zenith-pangan-grosir-1827,Zenith Pangan Grosir,Jakarta,2020-04-25,0,4.21,grocery,5.1,inactive
zenith-shop-7571,Zenith Shop,Medan,2020-01-12,0,4.93,fashion,6.2,active
zenith-shop-8228,Zenith Shop,Jakarta,2022-07-30,1,4.29,grocery,13.6,active
zenith-store-5713,Zenith Store,Jakarta,2024-09-06,0,4.88,lainnya,3.0,active
zenith-store-shop-2094,Zenith Store Shop,Jakarta,2020-02-06,0,4.22,lainnya,14.7,active
zenith-tech-official-4350,Zenith Tech Official,Jakarta,2019-06-24,0,4.13,elektronik,7.7,active
zenith-wellness-official-5392,Zenith Wellness Official,Denpasar,2020-02-03,0,3.92,kesehatan,0.5,active
zizi-store-2581,Zizi Store,Tangerang,2021-07-31,0,4.24,grocery,0.9,active
